-- MySQL dump 10.13  Distrib 8.0.29, for macos12.2 (x86_64)
--
-- Host: 18.143.23.226    Database: techwiz
-- ------------------------------------------------------
-- Server version	5.7.39

/*!40101 SET @OLD_CHARACTER_SET_CLIENT=@@CHARACTER_SET_CLIENT */;
/*!40101 SET @OLD_CHARACTER_SET_RESULTS=@@CHARACTER_SET_RESULTS */;
/*!40101 SET @OLD_COLLATION_CONNECTION=@@COLLATION_CONNECTION */;
/*!50503 SET NAMES utf8mb4 */;
/*!40103 SET @OLD_TIME_ZONE=@@TIME_ZONE */;
/*!40103 SET TIME_ZONE='+00:00' */;
/*!40014 SET @OLD_UNIQUE_CHECKS=@@UNIQUE_CHECKS, UNIQUE_CHECKS=0 */;
/*!40014 SET @OLD_FOREIGN_KEY_CHECKS=@@FOREIGN_KEY_CHECKS, FOREIGN_KEY_CHECKS=0 */;
/*!40101 SET @OLD_SQL_MODE=@@SQL_MODE, SQL_MODE='NO_AUTO_VALUE_ON_ZERO' */;
/*!40111 SET @OLD_SQL_NOTES=@@SQL_NOTES, SQL_NOTES=0 */;

--
-- Table structure for table `auth_group`
--

DROP TABLE IF EXISTS `auth_group`;
/*!40101 SET @saved_cs_client     = @@character_set_client */;
/*!50503 SET character_set_client = utf8mb4 */;
CREATE TABLE `auth_group` (
  `id` int(11) NOT NULL AUTO_INCREMENT,
  `name` varchar(150) NOT NULL,
  PRIMARY KEY (`id`) USING BTREE,
  UNIQUE KEY `name` (`name`) USING BTREE
) ENGINE=InnoDB DEFAULT CHARSET=utf8mb4 ROW_FORMAT=DYNAMIC;
/*!40101 SET character_set_client = @saved_cs_client */;

--
-- Dumping data for table `auth_group`
--

LOCK TABLES `auth_group` WRITE;
/*!40000 ALTER TABLE `auth_group` DISABLE KEYS */;
/*!40000 ALTER TABLE `auth_group` ENABLE KEYS */;
UNLOCK TABLES;

--
-- Table structure for table `auth_group_permissions`
--

DROP TABLE IF EXISTS `auth_group_permissions`;
/*!40101 SET @saved_cs_client     = @@character_set_client */;
/*!50503 SET character_set_client = utf8mb4 */;
CREATE TABLE `auth_group_permissions` (
  `id` bigint(20) NOT NULL AUTO_INCREMENT,
  `group_id` int(11) NOT NULL,
  `permission_id` int(11) NOT NULL,
  PRIMARY KEY (`id`) USING BTREE,
  UNIQUE KEY `auth_group_permissions_group_id_permission_id_0cd325b0_uniq` (`group_id`,`permission_id`) USING BTREE,
  KEY `auth_group_permissio_permission_id_84c5c92e_fk_auth_perm` (`permission_id`) USING BTREE,
  CONSTRAINT `auth_group_permissio_permission_id_84c5c92e_fk_auth_perm` FOREIGN KEY (`permission_id`) REFERENCES `auth_permission` (`id`),
  CONSTRAINT `auth_group_permissions_group_id_b120cbf9_fk_auth_group_id` FOREIGN KEY (`group_id`) REFERENCES `auth_group` (`id`)
) ENGINE=InnoDB DEFAULT CHARSET=utf8mb4 ROW_FORMAT=DYNAMIC;
/*!40101 SET character_set_client = @saved_cs_client */;

--
-- Dumping data for table `auth_group_permissions`
--

LOCK TABLES `auth_group_permissions` WRITE;
/*!40000 ALTER TABLE `auth_group_permissions` DISABLE KEYS */;
/*!40000 ALTER TABLE `auth_group_permissions` ENABLE KEYS */;
UNLOCK TABLES;

--
-- Table structure for table `auth_permission`
--

DROP TABLE IF EXISTS `auth_permission`;
/*!40101 SET @saved_cs_client     = @@character_set_client */;
/*!50503 SET character_set_client = utf8mb4 */;
CREATE TABLE `auth_permission` (
  `id` int(11) NOT NULL AUTO_INCREMENT,
  `name` varchar(255) NOT NULL,
  `content_type_id` int(11) NOT NULL,
  `codename` varchar(100) NOT NULL,
  PRIMARY KEY (`id`) USING BTREE,
  UNIQUE KEY `auth_permission_content_type_id_codename_01ab375a_uniq` (`content_type_id`,`codename`) USING BTREE,
  CONSTRAINT `auth_permission_content_type_id_2f476e4b_fk_django_co` FOREIGN KEY (`content_type_id`) REFERENCES `django_content_type` (`id`)
) ENGINE=InnoDB AUTO_INCREMENT=101 DEFAULT CHARSET=utf8mb4 ROW_FORMAT=DYNAMIC;
/*!40101 SET character_set_client = @saved_cs_client */;

--
-- Dumping data for table `auth_permission`
--

LOCK TABLES `auth_permission` WRITE;
/*!40000 ALTER TABLE `auth_permission` DISABLE KEYS */;
INSERT INTO `auth_permission` VALUES (1,'Can add log entry',1,'add_logentry'),(2,'Can change log entry',1,'change_logentry'),(3,'Can delete log entry',1,'delete_logentry'),(4,'Can view log entry',1,'view_logentry'),(5,'Can add permission',2,'add_permission'),(6,'Can change permission',2,'change_permission'),(7,'Can delete permission',2,'delete_permission'),(8,'Can view permission',2,'view_permission'),(9,'Can add group',3,'add_group'),(10,'Can change group',3,'change_group'),(11,'Can delete group',3,'delete_group'),(12,'Can view group',3,'view_group'),(13,'Can add content type',4,'add_contenttype'),(14,'Can change content type',4,'change_contenttype'),(15,'Can delete content type',4,'delete_contenttype'),(16,'Can view content type',4,'view_contenttype'),(17,'Can add session',5,'add_session'),(18,'Can change session',5,'change_session'),(19,'Can delete session',5,'delete_session'),(20,'Can view session',5,'view_session'),(21,'Can add blacklisted token',6,'add_blacklistedtoken'),(22,'Can change blacklisted token',6,'change_blacklistedtoken'),(23,'Can delete blacklisted token',6,'delete_blacklistedtoken'),(24,'Can view blacklisted token',6,'view_blacklistedtoken'),(25,'Can add outstanding token',7,'add_outstandingtoken'),(26,'Can change outstanding token',7,'change_outstandingtoken'),(27,'Can delete outstanding token',7,'delete_outstandingtoken'),(28,'Can view outstanding token',7,'view_outstandingtoken'),(29,'Can add crontab',8,'add_crontabschedule'),(30,'Can change crontab',8,'change_crontabschedule'),(31,'Can delete crontab',8,'delete_crontabschedule'),(32,'Can view crontab',8,'view_crontabschedule'),(33,'Can add interval',9,'add_intervalschedule'),(34,'Can change interval',9,'change_intervalschedule'),(35,'Can delete interval',9,'delete_intervalschedule'),(36,'Can view interval',9,'view_intervalschedule'),(37,'Can add periodic task',10,'add_periodictask'),(38,'Can change periodic task',10,'change_periodictask'),(39,'Can delete periodic task',10,'delete_periodictask'),(40,'Can view periodic task',10,'view_periodictask'),(41,'Can add periodic tasks',11,'add_periodictasks'),(42,'Can change periodic tasks',11,'change_periodictasks'),(43,'Can delete periodic tasks',11,'delete_periodictasks'),(44,'Can view periodic tasks',11,'view_periodictasks'),(45,'Can add solar event',12,'add_solarschedule'),(46,'Can change solar event',12,'change_solarschedule'),(47,'Can delete solar event',12,'delete_solarschedule'),(48,'Can view solar event',12,'view_solarschedule'),(49,'Can add clocked',13,'add_clockedschedule'),(50,'Can change clocked',13,'change_clockedschedule'),(51,'Can delete clocked',13,'delete_clockedschedule'),(52,'Can view clocked',13,'view_clockedschedule'),(53,'Can add user',14,'add_user'),(54,'Can change user',14,'change_user'),(55,'Can delete user',14,'delete_user'),(56,'Can view user',14,'view_user'),(57,'Can add user pin',15,'add_userpin'),(58,'Can change user pin',15,'change_userpin'),(59,'Can delete user pin',15,'delete_userpin'),(60,'Can view user pin',15,'view_userpin'),(61,'Can add help line',16,'add_helpline'),(62,'Can change help line',16,'change_helpline'),(63,'Can delete help line',16,'delete_helpline'),(64,'Can view help line',16,'view_helpline'),(65,'Can add my class',17,'add_myclass'),(66,'Can change my class',17,'change_myclass'),(67,'Can delete my class',17,'delete_myclass'),(68,'Can view my class',17,'view_myclass'),(69,'Can add revision class',18,'add_revisionclass'),(70,'Can change revision class',18,'change_revisionclass'),(71,'Can delete revision class',18,'delete_revisionclass'),(72,'Can view revision class',18,'view_revisionclass'),(73,'Can add student',19,'add_student'),(74,'Can change student',19,'change_student'),(75,'Can delete student',19,'delete_student'),(76,'Can view student',19,'view_student'),(77,'Can add subject',20,'add_subject'),(78,'Can change subject',20,'change_subject'),(79,'Can delete subject',20,'delete_subject'),(80,'Can view subject',20,'view_subject'),(81,'Can add time table',21,'add_timetable'),(82,'Can change time table',21,'change_timetable'),(83,'Can delete time table',21,'delete_timetable'),(84,'Can view time table',21,'view_timetable'),(85,'Can add study resource',22,'add_studyresource'),(86,'Can change study resource',22,'change_studyresource'),(87,'Can delete study resource',22,'delete_studyresource'),(88,'Can view study resource',22,'view_studyresource'),(89,'Can add grade',23,'add_grade'),(90,'Can change grade',23,'change_grade'),(91,'Can delete grade',23,'delete_grade'),(92,'Can view grade',23,'view_grade'),(93,'Can add class teacher subject',24,'add_classteachersubject'),(94,'Can change class teacher subject',24,'change_classteachersubject'),(95,'Can delete class teacher subject',24,'delete_classteachersubject'),(96,'Can view class teacher subject',24,'view_classteachersubject'),(97,'Can add device token push notification',25,'add_devicetokenpushnotification'),(98,'Can change device token push notification',25,'change_devicetokenpushnotification'),(99,'Can delete device token push notification',25,'delete_devicetokenpushnotification'),(100,'Can view device token push notification',25,'view_devicetokenpushnotification');
/*!40000 ALTER TABLE `auth_permission` ENABLE KEYS */;
UNLOCK TABLES;

--
-- Table structure for table `class`
--

DROP TABLE IF EXISTS `class`;
/*!40101 SET @saved_cs_client     = @@character_set_client */;
/*!50503 SET character_set_client = utf8mb4 */;
CREATE TABLE `class` (
  `id` bigint(20) NOT NULL AUTO_INCREMENT,
  `created_at` datetime(6) NOT NULL,
  `updated_at` datetime(6) NOT NULL,
  `name` varchar(255) DEFAULT NULL,
  PRIMARY KEY (`id`) USING BTREE
) ENGINE=InnoDB AUTO_INCREMENT=13 DEFAULT CHARSET=utf8mb4 ROW_FORMAT=DYNAMIC;
/*!40101 SET character_set_client = @saved_cs_client */;

--
-- Dumping data for table `class`
--

LOCK TABLES `class` WRITE;
/*!40000 ALTER TABLE `class` DISABLE KEYS */;
INSERT INTO `class` VALUES (1,'2022-07-18 21:05:05.000000','2022-07-18 21:05:05.000000','A-K32'),(2,'2022-07-18 21:05:05.000000','2022-07-18 21:05:05.000000','B-K32'),(3,'2022-07-18 21:05:05.000000','2022-07-18 21:05:05.000000','C-K32'),(4,'2022-07-18 21:05:05.000000','2022-07-18 21:05:05.000000','A-K31'),(5,'2022-07-18 21:05:05.000000','2022-07-18 21:05:05.000000','B-K31'),(6,'2022-07-18 21:05:05.000000','2022-07-18 21:05:05.000000','C-K31'),(7,'2022-07-18 21:05:05.000000','2022-07-18 21:05:05.000000','A-K30'),(8,'2022-07-18 21:05:05.000000','2022-07-18 21:05:05.000000','B-K30'),(9,'2022-07-18 21:05:05.000000','2022-07-18 21:05:05.000000','C-K30'),(10,'2022-07-18 21:05:05.000000','2022-07-18 21:05:05.000000','A-K29'),(11,'2022-07-18 21:05:05.000000','2022-07-18 21:05:05.000000','B-K29'),(12,'2022-07-18 21:05:05.000000','2022-07-18 21:05:05.000000','C-K29');
/*!40000 ALTER TABLE `class` ENABLE KEYS */;
UNLOCK TABLES;

--
-- Table structure for table `class_teacher_subject`
--

DROP TABLE IF EXISTS `class_teacher_subject`;
/*!40101 SET @saved_cs_client     = @@character_set_client */;
/*!50503 SET character_set_client = utf8mb4 */;
CREATE TABLE `class_teacher_subject` (
  `id` bigint(20) NOT NULL AUTO_INCREMENT,
  `created_at` datetime(6) NOT NULL,
  `updated_at` datetime(6) NOT NULL,
  `my_class_id` bigint(20) DEFAULT NULL,
  `subject_id` bigint(20) DEFAULT NULL,
  `teacher_id` bigint(20) DEFAULT NULL,
  PRIMARY KEY (`id`) USING BTREE,
  KEY `class_teacher_subject_my_class_id_a54d091f_fk_class_id` (`my_class_id`) USING BTREE,
  KEY `class_teacher_subject_subject_id_e8a6172f_fk_subject_id` (`subject_id`) USING BTREE,
  KEY `class_teacher_subject_teacher_id_58c52d11_fk_user_id` (`teacher_id`) USING BTREE,
  CONSTRAINT `class_teacher_subject_my_class_id_a54d091f_fk_class_id` FOREIGN KEY (`my_class_id`) REFERENCES `class` (`id`),
  CONSTRAINT `class_teacher_subject_subject_id_e8a6172f_fk_subject_id` FOREIGN KEY (`subject_id`) REFERENCES `subject` (`id`),
  CONSTRAINT `class_teacher_subject_teacher_id_58c52d11_fk_user_id` FOREIGN KEY (`teacher_id`) REFERENCES `user` (`id`)
) ENGINE=InnoDB AUTO_INCREMENT=23 DEFAULT CHARSET=utf8mb4 ROW_FORMAT=DYNAMIC;
/*!40101 SET character_set_client = @saved_cs_client */;

--
-- Dumping data for table `class_teacher_subject`
--

LOCK TABLES `class_teacher_subject` WRITE;
/*!40000 ALTER TABLE `class_teacher_subject` DISABLE KEYS */;
INSERT INTO `class_teacher_subject` VALUES (1,'2022-07-18 21:05:05.000000','2022-07-18 21:05:05.000000',1,1,53),(2,'2022-07-18 21:05:05.000000','2022-07-18 21:05:05.000000',1,5,55),(3,'2022-07-18 21:05:05.000000','2022-07-18 21:05:05.000000',1,9,56),(4,'2022-07-18 21:05:05.000000','2022-07-18 21:05:05.000000',1,13,57),(5,'2022-07-18 21:05:05.000000','2022-07-18 21:05:05.000000',1,17,58),(6,'2022-07-18 21:05:05.000000','2022-07-18 21:05:05.000000',1,21,59),(7,'2022-07-18 21:05:05.000000','2022-07-18 21:05:05.000000',1,25,60),(8,'2022-07-18 21:05:05.000000','2022-07-18 21:05:05.000000',1,29,61),(9,'2022-07-18 21:05:05.000000','2022-07-18 21:05:05.000000',3,1,53),(10,'2022-07-18 21:05:05.000000','2022-07-18 21:05:05.000000',3,5,55),(11,'2022-07-18 21:05:05.000000','2022-07-18 21:05:05.000000',3,9,56),(12,'2022-07-18 21:05:05.000000','2022-07-18 21:05:05.000000',3,13,57),(13,'2022-07-18 21:05:05.000000','2022-07-18 21:05:05.000000',3,17,58),(14,'2022-07-18 21:05:05.000000','2022-07-18 21:05:05.000000',3,21,59),(15,'2022-07-18 21:05:05.000000','2022-07-18 21:05:05.000000',3,25,60),(16,'2022-07-18 21:05:05.000000','2022-07-18 21:05:05.000000',3,29,61),(17,'2022-07-18 21:05:05.000000','2022-07-18 21:05:05.000000',4,2,53),(18,'2022-07-18 21:05:05.000000','2022-07-18 21:05:05.000000',5,2,53),(19,'2022-07-18 21:05:05.000000','2022-07-18 21:05:05.000000',7,3,53),(20,'2022-07-18 21:05:05.000000','2022-07-18 21:05:05.000000',8,3,53),(21,'2022-07-18 21:05:05.000000','2022-07-18 21:05:05.000000',9,4,53),(22,'2022-07-18 21:05:05.000000','2022-07-18 21:05:05.000000',12,4,53);
/*!40000 ALTER TABLE `class_teacher_subject` ENABLE KEYS */;
UNLOCK TABLES;

--
-- Table structure for table `device_token_push_notification`
--

DROP TABLE IF EXISTS `device_token_push_notification`;
/*!40101 SET @saved_cs_client     = @@character_set_client */;
/*!50503 SET character_set_client = utf8mb4 */;
CREATE TABLE `device_token_push_notification` (
  `id` bigint(20) NOT NULL AUTO_INCREMENT,
  `created_at` datetime(6) NOT NULL,
  `updated_at` datetime(6) NOT NULL,
  `user_id` bigint(20) DEFAULT NULL,
  `token` varchar(255) DEFAULT NULL,
  `active` tinyint(1) NOT NULL,
  PRIMARY KEY (`id`),
  KEY `device_token_push_notification_user_id_9e015adb_fk_user_id` (`user_id`),
  CONSTRAINT `device_token_push_notification_user_id_9e015adb_fk_user_id` FOREIGN KEY (`user_id`) REFERENCES `user` (`id`)
) ENGINE=InnoDB AUTO_INCREMENT=5 DEFAULT CHARSET=latin1;
/*!40101 SET character_set_client = @saved_cs_client */;

--
-- Dumping data for table `device_token_push_notification`
--

LOCK TABLES `device_token_push_notification` WRITE;
/*!40000 ALTER TABLE `device_token_push_notification` DISABLE KEYS */;
INSERT INTO `device_token_push_notification` VALUES (1,'2022-08-17 05:55:11.953069','2022-08-17 05:55:11.953105',2,'ExponentPushToken[YXnmVWF8LxGFoEMj0Zz1Ul]',1),(2,'2022-08-17 06:02:07.170634','2022-08-17 06:02:07.170658',53,'ExponentPushToken[YXnmVWF8LxGFoEMj0Zz1Ul]',1),(3,'2022-08-17 06:09:19.167990','2022-08-17 06:09:19.168014',53,'ExponentPushToken[1QsXWuH7qwVf8_GCY7w3zD]',1),(4,'2022-08-17 06:23:43.039074','2022-08-17 06:23:43.039128',2,'ExponentPushToken[1QsXWuH7qwVf8_GCY7w3zD]',1);
/*!40000 ALTER TABLE `device_token_push_notification` ENABLE KEYS */;
UNLOCK TABLES;

--
-- Table structure for table `django_admin_log`
--

DROP TABLE IF EXISTS `django_admin_log`;
/*!40101 SET @saved_cs_client     = @@character_set_client */;
/*!50503 SET character_set_client = utf8mb4 */;
CREATE TABLE `django_admin_log` (
  `id` int(11) NOT NULL AUTO_INCREMENT,
  `action_time` datetime(6) NOT NULL,
  `object_id` longtext,
  `object_repr` varchar(200) NOT NULL,
  `action_flag` smallint(5) unsigned NOT NULL,
  `change_message` longtext NOT NULL,
  `content_type_id` int(11) DEFAULT NULL,
  `user_id` bigint(20) NOT NULL,
  PRIMARY KEY (`id`) USING BTREE,
  KEY `django_admin_log_content_type_id_c4bce8eb_fk_django_co` (`content_type_id`) USING BTREE,
  KEY `django_admin_log_user_id_c564eba6_fk_user_id` (`user_id`) USING BTREE,
  CONSTRAINT `django_admin_log_content_type_id_c4bce8eb_fk_django_co` FOREIGN KEY (`content_type_id`) REFERENCES `django_content_type` (`id`),
  CONSTRAINT `django_admin_log_user_id_c564eba6_fk_user_id` FOREIGN KEY (`user_id`) REFERENCES `user` (`id`)
) ENGINE=InnoDB AUTO_INCREMENT=20 DEFAULT CHARSET=utf8mb4 ROW_FORMAT=DYNAMIC;
/*!40101 SET character_set_client = @saved_cs_client */;

--
-- Dumping data for table `django_admin_log`
--

LOCK TABLES `django_admin_log` WRITE;
/*!40000 ALTER TABLE `django_admin_log` DISABLE KEYS */;
INSERT INTO `django_admin_log` VALUES (1,'2022-08-17 06:30:05.544791','8','IT 9',2,'[{\"changed\": {\"fields\": [\"Name\"]}}]',20,1),(2,'2022-08-17 06:30:16.769653','7','IT 8',2,'[{\"changed\": {\"fields\": [\"Name\"]}}]',20,1),(3,'2022-08-17 06:30:30.153438','6','IT 7',2,'[{\"changed\": {\"fields\": [\"Name\"]}}]',20,1),(4,'2022-08-17 06:30:38.903954','5','IT 6',2,'[{\"changed\": {\"fields\": [\"Name\"]}}]',20,1),(5,'2022-08-17 10:27:00.576924','1','Administrator',1,'[{\"added\": {}}]',16,1),(6,'2022-08-17 10:27:53.248248','2','Guidance counselor',1,'[{\"added\": {}}]',16,1),(7,'2022-08-17 10:30:13.963212','3','School Nurse',1,'[{\"added\": {}}]',16,1),(8,'2022-08-17 10:31:09.895021','4','Librarian',1,'[{\"added\": {}}]',16,1),(9,'2022-08-17 10:31:47.162815','5','Superintendent',1,'[{\"added\": {}}]',16,1),(10,'2022-08-17 10:34:46.246973','6','Math Department',1,'[{\"added\": {}}]',16,1),(11,'2022-08-17 10:35:23.709966','7','IT department',1,'[{\"added\": {}}]',16,1),(12,'2022-08-17 10:36:34.699314','8','English Department',1,'[{\"added\": {}}]',16,1),(13,'2022-08-17 10:41:09.677277','1','EMBIBE',1,'[{\"added\": {}}]',22,1),(14,'2022-08-17 10:42:17.408939','2','Mental Math',1,'[{\"added\": {}}]',22,1),(15,'2022-08-17 10:49:52.724481','5','NCERT Solutions Class 7 Maths',1,'[{\"added\": {}}]',22,1),(16,'2022-08-17 11:34:30.394667','7','English for you',1,'[{\"added\": {}}]',22,1),(17,'2022-08-17 11:37:54.429164','8','Flowchart',1,'[{\"added\": {}}]',22,1),(18,'2022-08-17 11:41:44.898337','9','Flowchart',1,'[{\"added\": {}}]',22,1),(19,'2022-08-17 11:43:20.468781','10','NCERT Books 6th Science',1,'[{\"added\": {}}]',22,1);
/*!40000 ALTER TABLE `django_admin_log` ENABLE KEYS */;
UNLOCK TABLES;

--
-- Table structure for table `django_celery_beat_clockedschedule`
--

DROP TABLE IF EXISTS `django_celery_beat_clockedschedule`;
/*!40101 SET @saved_cs_client     = @@character_set_client */;
/*!50503 SET character_set_client = utf8mb4 */;
CREATE TABLE `django_celery_beat_clockedschedule` (
  `id` int(11) NOT NULL AUTO_INCREMENT,
  `clocked_time` datetime(6) NOT NULL,
  PRIMARY KEY (`id`) USING BTREE
) ENGINE=InnoDB DEFAULT CHARSET=utf8mb4 ROW_FORMAT=DYNAMIC;
/*!40101 SET character_set_client = @saved_cs_client */;

--
-- Dumping data for table `django_celery_beat_clockedschedule`
--

LOCK TABLES `django_celery_beat_clockedschedule` WRITE;
/*!40000 ALTER TABLE `django_celery_beat_clockedschedule` DISABLE KEYS */;
/*!40000 ALTER TABLE `django_celery_beat_clockedschedule` ENABLE KEYS */;
UNLOCK TABLES;

--
-- Table structure for table `django_celery_beat_crontabschedule`
--

DROP TABLE IF EXISTS `django_celery_beat_crontabschedule`;
/*!40101 SET @saved_cs_client     = @@character_set_client */;
/*!50503 SET character_set_client = utf8mb4 */;
CREATE TABLE `django_celery_beat_crontabschedule` (
  `id` int(11) NOT NULL AUTO_INCREMENT,
  `minute` varchar(240) NOT NULL,
  `hour` varchar(96) NOT NULL,
  `day_of_week` varchar(64) NOT NULL,
  `day_of_month` varchar(124) NOT NULL,
  `month_of_year` varchar(64) NOT NULL,
  `timezone` varchar(63) NOT NULL,
  PRIMARY KEY (`id`) USING BTREE
) ENGINE=InnoDB DEFAULT CHARSET=utf8mb4 ROW_FORMAT=DYNAMIC;
/*!40101 SET character_set_client = @saved_cs_client */;

--
-- Dumping data for table `django_celery_beat_crontabschedule`
--

LOCK TABLES `django_celery_beat_crontabschedule` WRITE;
/*!40000 ALTER TABLE `django_celery_beat_crontabschedule` DISABLE KEYS */;
/*!40000 ALTER TABLE `django_celery_beat_crontabschedule` ENABLE KEYS */;
UNLOCK TABLES;

--
-- Table structure for table `django_celery_beat_intervalschedule`
--

DROP TABLE IF EXISTS `django_celery_beat_intervalschedule`;
/*!40101 SET @saved_cs_client     = @@character_set_client */;
/*!50503 SET character_set_client = utf8mb4 */;
CREATE TABLE `django_celery_beat_intervalschedule` (
  `id` int(11) NOT NULL AUTO_INCREMENT,
  `every` int(11) NOT NULL,
  `period` varchar(24) NOT NULL,
  PRIMARY KEY (`id`) USING BTREE
) ENGINE=InnoDB DEFAULT CHARSET=utf8mb4 ROW_FORMAT=DYNAMIC;
/*!40101 SET character_set_client = @saved_cs_client */;

--
-- Dumping data for table `django_celery_beat_intervalschedule`
--

LOCK TABLES `django_celery_beat_intervalschedule` WRITE;
/*!40000 ALTER TABLE `django_celery_beat_intervalschedule` DISABLE KEYS */;
/*!40000 ALTER TABLE `django_celery_beat_intervalschedule` ENABLE KEYS */;
UNLOCK TABLES;

--
-- Table structure for table `django_celery_beat_periodictask`
--

DROP TABLE IF EXISTS `django_celery_beat_periodictask`;
/*!40101 SET @saved_cs_client     = @@character_set_client */;
/*!50503 SET character_set_client = utf8mb4 */;
CREATE TABLE `django_celery_beat_periodictask` (
  `id` int(11) NOT NULL AUTO_INCREMENT,
  `name` varchar(200) NOT NULL,
  `task` varchar(200) NOT NULL,
  `args` longtext NOT NULL,
  `kwargs` longtext NOT NULL,
  `queue` varchar(200) DEFAULT NULL,
  `exchange` varchar(200) DEFAULT NULL,
  `routing_key` varchar(200) DEFAULT NULL,
  `expires` datetime(6) DEFAULT NULL,
  `enabled` tinyint(1) NOT NULL,
  `last_run_at` datetime(6) DEFAULT NULL,
  `total_run_count` int(10) unsigned NOT NULL,
  `date_changed` datetime(6) NOT NULL,
  `description` longtext NOT NULL,
  `crontab_id` int(11) DEFAULT NULL,
  `interval_id` int(11) DEFAULT NULL,
  `solar_id` int(11) DEFAULT NULL,
  `one_off` tinyint(1) NOT NULL,
  `start_time` datetime(6) DEFAULT NULL,
  `priority` int(10) unsigned DEFAULT NULL,
  `headers` longtext NOT NULL,
  `clocked_id` int(11) DEFAULT NULL,
  `expire_seconds` int(10) unsigned DEFAULT NULL,
  PRIMARY KEY (`id`) USING BTREE,
  UNIQUE KEY `name` (`name`) USING BTREE,
  KEY `django_celery_beat_p_crontab_id_d3cba168_fk_django_ce` (`crontab_id`) USING BTREE,
  KEY `django_celery_beat_p_interval_id_a8ca27da_fk_django_ce` (`interval_id`) USING BTREE,
  KEY `django_celery_beat_p_solar_id_a87ce72c_fk_django_ce` (`solar_id`) USING BTREE,
  KEY `django_celery_beat_p_clocked_id_47a69f82_fk_django_ce` (`clocked_id`) USING BTREE,
  CONSTRAINT `django_celery_beat_p_clocked_id_47a69f82_fk_django_ce` FOREIGN KEY (`clocked_id`) REFERENCES `django_celery_beat_clockedschedule` (`id`),
  CONSTRAINT `django_celery_beat_p_crontab_id_d3cba168_fk_django_ce` FOREIGN KEY (`crontab_id`) REFERENCES `django_celery_beat_crontabschedule` (`id`),
  CONSTRAINT `django_celery_beat_p_interval_id_a8ca27da_fk_django_ce` FOREIGN KEY (`interval_id`) REFERENCES `django_celery_beat_intervalschedule` (`id`),
  CONSTRAINT `django_celery_beat_p_solar_id_a87ce72c_fk_django_ce` FOREIGN KEY (`solar_id`) REFERENCES `django_celery_beat_solarschedule` (`id`)
) ENGINE=InnoDB DEFAULT CHARSET=utf8mb4 ROW_FORMAT=DYNAMIC;
/*!40101 SET character_set_client = @saved_cs_client */;

--
-- Dumping data for table `django_celery_beat_periodictask`
--

LOCK TABLES `django_celery_beat_periodictask` WRITE;
/*!40000 ALTER TABLE `django_celery_beat_periodictask` DISABLE KEYS */;
/*!40000 ALTER TABLE `django_celery_beat_periodictask` ENABLE KEYS */;
UNLOCK TABLES;

--
-- Table structure for table `django_celery_beat_periodictasks`
--

DROP TABLE IF EXISTS `django_celery_beat_periodictasks`;
/*!40101 SET @saved_cs_client     = @@character_set_client */;
/*!50503 SET character_set_client = utf8mb4 */;
CREATE TABLE `django_celery_beat_periodictasks` (
  `ident` smallint(6) NOT NULL,
  `last_update` datetime(6) NOT NULL,
  PRIMARY KEY (`ident`) USING BTREE
) ENGINE=InnoDB DEFAULT CHARSET=utf8mb4 ROW_FORMAT=DYNAMIC;
/*!40101 SET character_set_client = @saved_cs_client */;

--
-- Dumping data for table `django_celery_beat_periodictasks`
--

LOCK TABLES `django_celery_beat_periodictasks` WRITE;
/*!40000 ALTER TABLE `django_celery_beat_periodictasks` DISABLE KEYS */;
/*!40000 ALTER TABLE `django_celery_beat_periodictasks` ENABLE KEYS */;
UNLOCK TABLES;

--
-- Table structure for table `django_celery_beat_solarschedule`
--

DROP TABLE IF EXISTS `django_celery_beat_solarschedule`;
/*!40101 SET @saved_cs_client     = @@character_set_client */;
/*!50503 SET character_set_client = utf8mb4 */;
CREATE TABLE `django_celery_beat_solarschedule` (
  `id` int(11) NOT NULL AUTO_INCREMENT,
  `event` varchar(24) NOT NULL,
  `latitude` decimal(9,6) NOT NULL,
  `longitude` decimal(9,6) NOT NULL,
  PRIMARY KEY (`id`) USING BTREE,
  UNIQUE KEY `django_celery_beat_solar_event_latitude_longitude_ba64999a_uniq` (`event`,`latitude`,`longitude`) USING BTREE
) ENGINE=InnoDB DEFAULT CHARSET=utf8mb4 ROW_FORMAT=DYNAMIC;
/*!40101 SET character_set_client = @saved_cs_client */;

--
-- Dumping data for table `django_celery_beat_solarschedule`
--

LOCK TABLES `django_celery_beat_solarschedule` WRITE;
/*!40000 ALTER TABLE `django_celery_beat_solarschedule` DISABLE KEYS */;
/*!40000 ALTER TABLE `django_celery_beat_solarschedule` ENABLE KEYS */;
UNLOCK TABLES;

--
-- Table structure for table `django_content_type`
--

DROP TABLE IF EXISTS `django_content_type`;
/*!40101 SET @saved_cs_client     = @@character_set_client */;
/*!50503 SET character_set_client = utf8mb4 */;
CREATE TABLE `django_content_type` (
  `id` int(11) NOT NULL AUTO_INCREMENT,
  `app_label` varchar(100) NOT NULL,
  `model` varchar(100) NOT NULL,
  PRIMARY KEY (`id`) USING BTREE,
  UNIQUE KEY `django_content_type_app_label_model_76bd3d3b_uniq` (`app_label`,`model`) USING BTREE
) ENGINE=InnoDB AUTO_INCREMENT=26 DEFAULT CHARSET=utf8mb4 ROW_FORMAT=DYNAMIC;
/*!40101 SET character_set_client = @saved_cs_client */;

--
-- Dumping data for table `django_content_type`
--

LOCK TABLES `django_content_type` WRITE;
/*!40000 ALTER TABLE `django_content_type` DISABLE KEYS */;
INSERT INTO `django_content_type` VALUES (1,'admin','logentry'),(3,'auth','group'),(2,'auth','permission'),(4,'contenttypes','contenttype'),(14,'core','user'),(15,'core','userpin'),(24,'custom_service','classteachersubject'),(25,'custom_service','devicetokenpushnotification'),(23,'custom_service','grade'),(16,'custom_service','helpline'),(17,'custom_service','myclass'),(18,'custom_service','revisionclass'),(19,'custom_service','student'),(22,'custom_service','studyresource'),(20,'custom_service','subject'),(21,'custom_service','timetable'),(13,'django_celery_beat','clockedschedule'),(8,'django_celery_beat','crontabschedule'),(9,'django_celery_beat','intervalschedule'),(10,'django_celery_beat','periodictask'),(11,'django_celery_beat','periodictasks'),(12,'django_celery_beat','solarschedule'),(5,'sessions','session'),(6,'token_blacklist','blacklistedtoken'),(7,'token_blacklist','outstandingtoken');
/*!40000 ALTER TABLE `django_content_type` ENABLE KEYS */;
UNLOCK TABLES;

--
-- Table structure for table `django_migrations`
--

DROP TABLE IF EXISTS `django_migrations`;
/*!40101 SET @saved_cs_client     = @@character_set_client */;
/*!50503 SET character_set_client = utf8mb4 */;
CREATE TABLE `django_migrations` (
  `id` bigint(20) NOT NULL AUTO_INCREMENT,
  `app` varchar(255) NOT NULL,
  `name` varchar(255) NOT NULL,
  `applied` datetime(6) NOT NULL,
  PRIMARY KEY (`id`) USING BTREE
) ENGINE=InnoDB AUTO_INCREMENT=53 DEFAULT CHARSET=utf8mb4 ROW_FORMAT=DYNAMIC;
/*!40101 SET character_set_client = @saved_cs_client */;

--
-- Dumping data for table `django_migrations`
--

LOCK TABLES `django_migrations` WRITE;
/*!40000 ALTER TABLE `django_migrations` DISABLE KEYS */;
INSERT INTO `django_migrations` VALUES (1,'contenttypes','0001_initial','2022-08-11 23:02:55.294285'),(2,'contenttypes','0002_remove_content_type_name','2022-08-11 23:02:55.388283'),(3,'auth','0001_initial','2022-08-11 23:02:55.654282'),(4,'auth','0002_alter_permission_name_max_length','2022-08-11 23:02:55.722282'),(5,'auth','0003_alter_user_email_max_length','2022-08-11 23:02:55.731280'),(6,'auth','0004_alter_user_username_opts','2022-08-11 23:02:55.743285'),(7,'auth','0005_alter_user_last_login_null','2022-08-11 23:02:55.755281'),(8,'auth','0006_require_contenttypes_0002','2022-08-11 23:02:55.759291'),(9,'auth','0007_alter_validators_add_error_messages','2022-08-11 23:02:55.769279'),(10,'auth','0008_alter_user_username_max_length','2022-08-11 23:02:55.780284'),(11,'auth','0009_alter_user_last_name_max_length','2022-08-11 23:02:55.790282'),(12,'auth','0010_alter_group_name_max_length','2022-08-11 23:02:55.812281'),(13,'auth','0011_update_proxy_permissions','2022-08-11 23:02:55.827283'),(14,'auth','0012_alter_user_first_name_max_length','2022-08-11 23:02:55.836281'),(15,'core','0001_initial','2022-08-11 23:02:56.296256'),(16,'admin','0001_initial','2022-08-11 23:02:56.496254'),(17,'admin','0002_logentry_remove_auto_add','2022-08-11 23:02:56.511255'),(18,'admin','0003_logentry_add_action_flag_choices','2022-08-11 23:02:56.524255'),(19,'core','0002_alter_user_role','2022-08-11 23:02:56.537255'),(20,'custom_service','0001_initial','2022-08-11 23:02:57.765254'),(21,'custom_service','0002_auto_20220811_0350','2022-08-11 23:02:57.904259'),(22,'custom_service','0003_auto_20220811_1341','2022-08-11 23:02:58.198259'),(23,'django_celery_beat','0001_initial','2022-08-11 23:02:58.495255'),(24,'django_celery_beat','0002_auto_20161118_0346','2022-08-11 23:02:58.629258'),(25,'django_celery_beat','0003_auto_20161209_0049','2022-08-11 23:02:58.664256'),(26,'django_celery_beat','0004_auto_20170221_0000','2022-08-11 23:02:58.675257'),(27,'django_celery_beat','0005_add_solarschedule_events_choices','2022-08-11 23:02:58.686255'),(28,'django_celery_beat','0006_auto_20180322_0932','2022-08-11 23:02:58.789254'),(29,'django_celery_beat','0007_auto_20180521_0826','2022-08-11 23:02:58.846254'),(30,'django_celery_beat','0008_auto_20180914_1922','2022-08-11 23:02:58.878256'),(31,'django_celery_beat','0006_auto_20180210_1226','2022-08-11 23:02:58.899254'),(32,'django_celery_beat','0006_periodictask_priority','2022-08-11 23:02:58.923256'),(33,'django_celery_beat','0009_periodictask_headers','2022-08-11 23:02:58.957289'),(34,'django_celery_beat','0010_auto_20190429_0326','2022-08-11 23:02:59.193253'),(35,'django_celery_beat','0011_auto_20190508_0153','2022-08-11 23:02:59.308810'),(36,'django_celery_beat','0012_periodictask_expire_seconds','2022-08-11 23:02:59.334810'),(37,'django_celery_beat','0013_auto_20200609_0727','2022-08-11 23:02:59.346048'),(38,'django_celery_beat','0014_remove_clockedschedule_enabled','2022-08-11 23:02:59.366061'),(39,'django_celery_beat','0015_edit_solarschedule_events_choices','2022-08-11 23:02:59.378854'),(40,'sessions','0001_initial','2022-08-11 23:02:59.427109'),(41,'token_blacklist','0001_initial','2022-08-11 23:02:59.674913'),(42,'token_blacklist','0002_outstandingtoken_jti_hex','2022-08-11 23:02:59.721915'),(43,'token_blacklist','0003_auto_20171017_2007','2022-08-11 23:02:59.770910'),(44,'token_blacklist','0004_auto_20171017_2013','2022-08-11 23:02:59.842919'),(45,'token_blacklist','0005_remove_outstandingtoken_jti','2022-08-11 23:02:59.874915'),(46,'token_blacklist','0006_auto_20171017_2113','2022-08-11 23:02:59.911918'),(47,'token_blacklist','0007_auto_20171017_2214','2022-08-11 23:03:00.156913'),(48,'token_blacklist','0008_auto_20220810_1529','2022-08-11 23:03:00.426915'),(49,'custom_service','0004_auto_20220812_0855','2022-08-17 05:49:52.206376'),(50,'custom_service','0005_devicetokenpushnotification','2022-08-17 05:49:52.313930'),(51,'custom_service','0006_devicetokenpushnotification_token','2022-08-17 05:49:52.362941'),(52,'custom_service','0007_devicetokenpushnotification_active','2022-08-17 05:49:52.414522');
/*!40000 ALTER TABLE `django_migrations` ENABLE KEYS */;
UNLOCK TABLES;

--
-- Table structure for table `django_session`
--

DROP TABLE IF EXISTS `django_session`;
/*!40101 SET @saved_cs_client     = @@character_set_client */;
/*!50503 SET character_set_client = utf8mb4 */;
CREATE TABLE `django_session` (
  `session_key` varchar(40) NOT NULL,
  `session_data` longtext NOT NULL,
  `expire_date` datetime(6) NOT NULL,
  PRIMARY KEY (`session_key`) USING BTREE,
  KEY `django_session_expire_date_a5c62663` (`expire_date`) USING BTREE
) ENGINE=InnoDB DEFAULT CHARSET=utf8mb4 ROW_FORMAT=DYNAMIC;
/*!40101 SET character_set_client = @saved_cs_client */;

--
-- Dumping data for table `django_session`
--

LOCK TABLES `django_session` WRITE;
/*!40000 ALTER TABLE `django_session` DISABLE KEYS */;
INSERT INTO `django_session` VALUES ('cky1kz5ygjpftfqgmz6l44ttmyx2yoo0','.eJxVjLEOwiAURf-F2RB4tAXc7O7o3ADvVaoNJKWNg_HfpUkHXe5w7z3nzQa3rXHYCi3DhOzMJDv9dt6FJ6V9wIdL98xDTusyeb5f-LEWfpnn_Kpxq0y5ZqS5P8A_W3QlVhUpUACddXIksACt6NrGI-gxtFoYq5QgDEZJrTTJZvRWmNA4DQiElWGfLyuNPGo:1oOH6f:UHSQmCX6KxAnr-dUfbOWs3q0wu6aC4mm4WmFYMwmUW8','2022-08-31 11:21:05.678072'),('mp79h19tjtwobflg0r2u67fjtdqdaqtl','.eJxVjLEOwiAURf-F2RB4tAXc7O7o3ADvVaoNJKWNg_HfpUkHXe5w7z3nzQa3rXHYCi3DhOzMJDv9dt6FJ6V9wIdL98xDTusyeb5f-LEWfpnn_Kpxq0y5ZqS5P8A_W3QlVhUpUACddXIksACt6NrGI-gxtFoYq5QgDEZJrTTJZvRWmNA4DQiElWGfLyuNPGo:1oOCYk:xrUHnoCsjnSKGMrbFPv39YUXzixdJMkD3HxV4t2mdYU','2022-08-31 06:29:46.557709'),('x7lu48pfsobcv2w0xbfma534lajid6lm','.eJxVjLEOwiAURf-F2RB4tAXc7O7o3ADvVaoNJKWNg_HfpUkHXe5w7z3nzQa3rXHYCi3DhOzMJDv9dt6FJ6V9wIdL98xDTusyeb5f-LEWfpnn_Kpxq0y5ZqS5P8A_W3QlVhUpUACddXIksACt6NrGI-gxtFoYq5QgDEZJrTTJZvRWmNA4DQiElWGfLyuNPGo:1oOCX4:BuGVrOdg3zPMJ3bOFS8Y7Ba7I5LfvZ3iBCljMlDfuC8','2022-08-31 06:28:02.390497');
/*!40000 ALTER TABLE `django_session` ENABLE KEYS */;
UNLOCK TABLES;

--
-- Table structure for table `grade`
--

DROP TABLE IF EXISTS `grade`;
/*!40101 SET @saved_cs_client     = @@character_set_client */;
/*!50503 SET character_set_client = utf8mb4 */;
CREATE TABLE `grade` (
  `id` bigint(20) NOT NULL AUTO_INCREMENT,
  `created_at` datetime(6) NOT NULL,
  `updated_at` datetime(6) NOT NULL,
  `mark` double DEFAULT NULL,
  `start_year` int(11) DEFAULT NULL,
  `end_year` int(11) DEFAULT NULL,
  `description` varchar(255) DEFAULT NULL,
  `type_exam` varchar(50) DEFAULT NULL,
  `term` varchar(20) DEFAULT NULL,
  `student_id` bigint(20) DEFAULT NULL,
  `subject_id` bigint(20) DEFAULT NULL,
  `created_by_id` bigint(20) DEFAULT NULL,
  `exam_date` date DEFAULT NULL,
  PRIMARY KEY (`id`) USING BTREE,
  KEY `grade_student_id_d11d152d_fk_student_id` (`student_id`) USING BTREE,
  KEY `grade_subject_id_75b23fd6_fk_subject_id` (`subject_id`) USING BTREE,
  KEY `grade_created_by_id_fe568e43_fk_user_id` (`created_by_id`) USING BTREE,
  CONSTRAINT `grade_created_by_id_fe568e43_fk_user_id` FOREIGN KEY (`created_by_id`) REFERENCES `user` (`id`),
  CONSTRAINT `grade_student_id_d11d152d_fk_student_id` FOREIGN KEY (`student_id`) REFERENCES `student` (`id`),
  CONSTRAINT `grade_subject_id_75b23fd6_fk_subject_id` FOREIGN KEY (`subject_id`) REFERENCES `subject` (`id`)
) ENGINE=InnoDB AUTO_INCREMENT=1034 DEFAULT CHARSET=utf8mb4 ROW_FORMAT=DYNAMIC;
/*!40101 SET character_set_client = @saved_cs_client */;

--
-- Dumping data for table `grade`
--

LOCK TABLES `grade` WRITE;
/*!40000 ALTER TABLE `grade` DISABLE KEYS */;
INSERT INTO `grade` VALUES (1,'2021-09-01 20:00:00.000000','2021-09-01 20:00:00.000000',6,2021,2022,NULL,'ASSIGNMENT','TERM1',1,1,53,'2021-10-13'),(2,'2021-09-01 20:00:00.000000','2021-09-01 20:00:00.000000',9,2021,2022,NULL,'MIDDLE','TERM1',1,1,53,'2021-10-15'),(3,'2021-09-01 20:00:00.000000','2021-09-01 20:00:00.000000',9,2021,2022,NULL,'FINAL','TERM1',1,1,53,'2021-12-29'),(4,'2021-09-01 20:00:00.000000','2021-09-01 20:00:00.000000',6,2021,2022,NULL,'ASSIGNMENT','TERM1',2,1,53,'2021-10-20'),(5,'2021-09-01 20:00:00.000000','2021-09-01 20:00:00.000000',9,2021,2022,NULL,'MIDDLE','TERM1',2,1,53,'2021-10-15'),(6,'2021-09-01 20:00:00.000000','2021-09-01 20:00:00.000000',5,2021,2022,NULL,'FINAL','TERM1',2,1,53,'2021-12-29'),(7,'2021-09-01 20:00:00.000000','2021-09-01 20:00:00.000000',7,2021,2022,NULL,'ASSIGNMENT','TERM1',3,1,53,'2021-10-02'),(8,'2021-09-01 20:00:00.000000','2021-09-01 20:00:00.000000',5,2021,2022,NULL,'MIDDLE','TERM1',3,1,53,'2021-10-15'),(9,'2021-09-01 20:00:00.000000','2021-09-01 20:00:00.000000',6,2021,2022,NULL,'FINAL','TERM1',3,1,53,'2021-12-29'),(10,'2021-09-01 20:00:00.000000','2021-09-01 20:00:00.000000',9,2021,2022,NULL,'ASSIGNMENT','TERM1',4,1,53,'2021-10-09'),(11,'2021-09-01 20:00:00.000000','2021-09-01 20:00:00.000000',5,2021,2022,NULL,'MIDDLE','TERM1',4,1,53,'2021-10-15'),(12,'2021-09-01 20:00:00.000000','2021-09-01 20:00:00.000000',7,2021,2022,NULL,'FINAL','TERM1',4,1,53,'2021-12-29'),(13,'2021-09-01 20:00:00.000000','2021-09-01 20:00:00.000000',5,2021,2022,NULL,'ASSIGNMENT','TERM1',5,1,53,'2021-10-08'),(14,'2021-09-01 20:00:00.000000','2021-09-01 20:00:00.000000',9,2021,2022,NULL,'MIDDLE','TERM1',5,1,53,'2021-10-15'),(15,'2021-09-01 20:00:00.000000','2021-09-01 20:00:00.000000',7,2021,2022,NULL,'FINAL','TERM1',5,1,53,'2021-12-29'),(16,'2021-09-01 20:00:00.000000','2021-09-01 20:00:00.000000',7,2021,2022,NULL,'ASSIGNMENT','TERM1',6,1,53,'2021-10-12'),(17,'2021-09-01 20:00:00.000000','2021-09-01 20:00:00.000000',9,2021,2022,NULL,'MIDDLE','TERM1',6,1,53,'2021-10-15'),(18,'2021-09-01 20:00:00.000000','2021-09-01 20:00:00.000000',6,2021,2022,NULL,'FINAL','TERM1',6,1,53,'2021-12-29'),(19,'2021-09-01 20:00:00.000000','2021-09-01 20:00:00.000000',8,2021,2022,NULL,'ASSIGNMENT','TERM1',7,1,53,'2021-10-06'),(20,'2021-09-01 20:00:00.000000','2021-09-01 20:00:00.000000',6,2021,2022,NULL,'MIDDLE','TERM1',7,1,53,'2021-10-15'),(21,'2021-09-01 20:00:00.000000','2021-09-01 20:00:00.000000',8,2021,2022,NULL,'FINAL','TERM1',7,1,53,'2021-12-29'),(22,'2021-09-01 20:00:00.000000','2021-09-01 20:00:00.000000',8,2021,2022,NULL,'ASSIGNMENT','TERM1',8,1,53,'2021-10-22'),(23,'2021-09-01 20:00:00.000000','2021-09-01 20:00:00.000000',7,2021,2022,NULL,'MIDDLE','TERM1',8,1,53,'2021-10-15'),(24,'2021-09-01 20:00:00.000000','2021-09-01 20:00:00.000000',6,2021,2022,NULL,'FINAL','TERM1',8,1,53,'2021-12-29'),(25,'2021-09-01 20:00:00.000000','2021-09-01 20:00:00.000000',8,2021,2022,NULL,'ASSIGNMENT','TERM1',9,1,53,'2021-10-04'),(26,'2021-09-01 20:00:00.000000','2021-09-01 20:00:00.000000',9,2021,2022,NULL,'MIDDLE','TERM1',9,1,53,'2021-10-15'),(27,'2021-09-01 20:00:00.000000','2021-09-01 20:00:00.000000',8,2021,2022,NULL,'FINAL','TERM1',9,1,53,'2021-12-29'),(28,'2021-09-01 20:00:00.000000','2021-09-01 20:00:00.000000',8,2021,2022,NULL,'ASSIGNMENT','TERM1',10,1,53,'2021-10-12'),(29,'2021-09-01 20:00:00.000000','2021-09-01 20:00:00.000000',7,2021,2022,NULL,'MIDDLE','TERM1',10,1,53,'2021-10-15'),(30,'2021-09-01 20:00:00.000000','2021-09-01 20:00:00.000000',6,2021,2022,NULL,'FINAL','TERM1',10,1,53,'2021-12-29'),(31,'2021-09-01 20:00:00.000000','2021-09-01 20:00:00.000000',8,2021,2022,NULL,'ASSIGNMENT','TERM1',11,1,53,'2021-10-19'),(32,'2021-09-01 20:00:00.000000','2021-09-01 20:00:00.000000',8,2021,2022,NULL,'MIDDLE','TERM1',11,1,53,'2021-10-15'),(33,'2021-09-01 20:00:00.000000','2021-09-01 20:00:00.000000',7,2021,2022,NULL,'FINAL','TERM1',11,1,53,'2021-12-29'),(34,'2021-09-01 20:00:00.000000','2021-09-01 20:00:00.000000',7,2021,2022,NULL,'ASSIGNMENT','TERM1',12,1,53,'2021-10-02'),(35,'2021-09-01 20:00:00.000000','2021-09-01 20:00:00.000000',9,2021,2022,NULL,'MIDDLE','TERM1',12,1,53,'2021-10-15'),(36,'2021-09-01 20:00:00.000000','2021-09-01 20:00:00.000000',8,2021,2022,NULL,'FINAL','TERM1',12,1,53,'2021-12-29'),(37,'2021-09-01 20:00:00.000000','2021-09-01 20:00:00.000000',9,2021,2022,NULL,'ASSIGNMENT','TERM1',13,1,53,'2021-10-11'),(38,'2021-09-01 20:00:00.000000','2021-09-01 20:00:00.000000',8,2021,2022,NULL,'MIDDLE','TERM1',13,1,53,'2021-10-15'),(39,'2021-09-01 20:00:00.000000','2021-09-01 20:00:00.000000',6,2021,2022,NULL,'FINAL','TERM1',13,1,53,'2021-12-29'),(40,'2021-09-01 20:00:00.000000','2021-09-01 20:00:00.000000',5,2021,2022,NULL,'ASSIGNMENT','TERM1',14,1,53,'2021-10-17'),(41,'2021-09-01 20:00:00.000000','2021-09-01 20:00:00.000000',5,2021,2022,NULL,'MIDDLE','TERM1',14,1,53,'2021-10-15'),(42,'2021-09-01 20:00:00.000000','2021-09-01 20:00:00.000000',7,2021,2022,NULL,'FINAL','TERM1',14,1,53,'2021-12-29'),(43,'2021-09-01 20:00:00.000000','2021-09-01 20:00:00.000000',5,2021,2022,NULL,'ASSIGNMENT','TERM1',15,1,53,'2021-10-24'),(44,'2021-09-01 20:00:00.000000','2021-09-01 20:00:00.000000',5,2021,2022,NULL,'MIDDLE','TERM1',15,1,53,'2021-10-15'),(45,'2021-09-01 20:00:00.000000','2021-09-01 20:00:00.000000',6,2021,2022,NULL,'FINAL','TERM1',15,1,53,'2021-12-29'),(46,'2021-09-01 20:00:00.000000','2021-09-01 20:00:00.000000',5,2021,2022,NULL,'ASSIGNMENT','TERM1',16,1,53,'2021-10-11'),(47,'2021-09-01 20:00:00.000000','2021-09-01 20:00:00.000000',7,2021,2022,NULL,'MIDDLE','TERM1',16,1,53,'2021-10-15'),(48,'2021-09-01 20:00:00.000000','2021-09-01 20:00:00.000000',6,2021,2022,NULL,'FINAL','TERM1',16,1,53,'2021-12-29'),(49,'2021-09-01 20:00:00.000000','2021-09-01 20:00:00.000000',8,2021,2022,NULL,'ASSIGNMENT','TERM1',17,1,53,'2021-10-09'),(50,'2021-09-01 20:00:00.000000','2021-09-01 20:00:00.000000',7,2021,2022,NULL,'MIDDLE','TERM1',17,1,53,'2021-10-15'),(51,'2021-09-01 20:00:00.000000','2021-09-01 20:00:00.000000',5,2021,2022,NULL,'FINAL','TERM1',17,1,53,'2021-12-29'),(52,'2021-09-01 20:00:00.000000','2021-09-01 20:00:00.000000',8,2021,2022,NULL,'ASSIGNMENT','TERM1',18,1,53,'2021-10-12'),(53,'2021-09-01 20:00:00.000000','2021-09-01 20:00:00.000000',5,2021,2022,NULL,'MIDDLE','TERM1',18,1,53,'2021-10-15'),(54,'2021-09-01 20:00:00.000000','2021-09-01 20:00:00.000000',9,2021,2022,NULL,'FINAL','TERM1',18,1,53,'2021-12-29'),(55,'2021-09-01 20:00:00.000000','2021-09-01 20:00:00.000000',9,2021,2022,NULL,'ASSIGNMENT','TERM1',19,1,53,'2021-10-05'),(56,'2021-09-01 20:00:00.000000','2021-09-01 20:00:00.000000',7,2021,2022,NULL,'MIDDLE','TERM1',19,1,53,'2021-10-15'),(57,'2021-09-01 20:00:00.000000','2021-09-01 20:00:00.000000',8,2021,2022,NULL,'FINAL','TERM1',19,1,53,'2021-12-29'),(58,'2021-09-01 20:00:00.000000','2021-09-01 20:00:00.000000',6,2021,2022,NULL,'ASSIGNMENT','TERM1',20,1,53,'2021-10-15'),(59,'2021-09-01 20:00:00.000000','2021-09-01 20:00:00.000000',5,2021,2022,NULL,'MIDDLE','TERM1',20,1,53,'2021-10-15'),(60,'2021-09-01 20:00:00.000000','2021-09-01 20:00:00.000000',9,2021,2022,NULL,'FINAL','TERM1',20,1,53,'2021-12-29'),(61,'2021-09-01 20:00:00.000000','2021-09-01 20:00:00.000000',9,2021,2022,NULL,'ASSIGNMENT','TERM1',21,1,53,'2021-10-03'),(62,'2021-09-01 20:00:00.000000','2021-09-01 20:00:00.000000',9,2021,2022,NULL,'MIDDLE','TERM1',21,1,53,'2021-10-15'),(63,'2021-09-01 20:00:00.000000','2021-09-01 20:00:00.000000',9,2021,2022,NULL,'FINAL','TERM1',21,1,53,'2021-12-29'),(64,'2021-09-01 20:00:00.000000','2021-09-01 20:00:00.000000',7,2021,2022,NULL,'ASSIGNMENT','TERM1',22,1,53,'2021-10-28'),(65,'2021-09-01 20:00:00.000000','2021-09-01 20:00:00.000000',5,2021,2022,NULL,'MIDDLE','TERM1',22,1,53,'2021-10-15'),(66,'2021-09-01 20:00:00.000000','2021-09-01 20:00:00.000000',5,2021,2022,NULL,'FINAL','TERM1',22,1,53,'2021-12-29'),(67,'2021-09-01 20:00:00.000000','2021-09-01 20:00:00.000000',5,2021,2022,NULL,'ASSIGNMENT','TERM1',23,1,53,'2021-10-14'),(68,'2021-09-01 20:00:00.000000','2021-09-01 20:00:00.000000',6,2021,2022,NULL,'MIDDLE','TERM1',23,1,53,'2021-10-15'),(69,'2021-09-01 20:00:00.000000','2021-09-01 20:00:00.000000',5,2021,2022,NULL,'FINAL','TERM1',23,1,53,'2021-12-29'),(70,'2021-09-01 20:00:00.000000','2021-09-01 20:00:00.000000',8,2021,2022,NULL,'ASSIGNMENT','TERM1',24,1,53,'2021-10-15'),(71,'2021-09-01 20:00:00.000000','2021-09-01 20:00:00.000000',9,2021,2022,NULL,'MIDDLE','TERM1',24,1,53,'2021-10-15'),(72,'2021-09-01 20:00:00.000000','2021-09-01 20:00:00.000000',8,2021,2022,NULL,'FINAL','TERM1',24,1,53,'2021-12-29'),(73,'2021-09-01 20:00:00.000000','2021-09-01 20:00:00.000000',7,2021,2022,NULL,'ASSIGNMENT','TERM1',25,1,53,'2021-10-05'),(74,'2021-09-01 20:00:00.000000','2021-09-01 20:00:00.000000',9,2021,2022,NULL,'MIDDLE','TERM1',25,1,53,'2021-10-15'),(75,'2021-09-01 20:00:00.000000','2021-09-01 20:00:00.000000',5,2021,2022,NULL,'FINAL','TERM1',25,1,53,'2021-12-29'),(76,'2021-09-01 20:00:00.000000','2021-09-01 20:00:00.000000',5,2021,2022,NULL,'ASSIGNMENT','TERM1',26,1,53,'2021-10-08'),(77,'2021-09-01 20:00:00.000000','2021-09-01 20:00:00.000000',8,2021,2022,NULL,'MIDDLE','TERM1',26,1,53,'2021-10-15'),(78,'2021-09-01 20:00:00.000000','2021-09-01 20:00:00.000000',7,2021,2022,NULL,'FINAL','TERM1',26,1,53,'2021-12-29'),(79,'2021-09-01 20:00:00.000000','2021-09-01 20:00:00.000000',8,2021,2022,NULL,'ASSIGNMENT','TERM1',27,1,53,'2021-10-25'),(80,'2021-09-01 20:00:00.000000','2021-09-01 20:00:00.000000',6,2021,2022,NULL,'MIDDLE','TERM1',27,1,53,'2021-10-15'),(81,'2021-09-01 20:00:00.000000','2021-09-01 20:00:00.000000',7,2021,2022,NULL,'FINAL','TERM1',27,1,53,'2021-12-29'),(82,'2021-09-01 20:00:00.000000','2021-09-01 20:00:00.000000',8,2021,2022,NULL,'ASSIGNMENT','TERM1',28,1,53,'2021-10-15'),(83,'2021-09-01 20:00:00.000000','2021-09-01 20:00:00.000000',5,2021,2022,NULL,'MIDDLE','TERM1',28,1,53,'2021-10-15'),(84,'2021-09-01 20:00:00.000000','2021-09-01 20:00:00.000000',5,2021,2022,NULL,'FINAL','TERM1',28,1,53,'2021-12-29'),(85,'2021-09-01 20:00:00.000000','2021-09-01 20:00:00.000000',7,2021,2022,NULL,'ASSIGNMENT','TERM1',29,1,53,'2021-10-25'),(86,'2021-09-01 20:00:00.000000','2021-09-01 20:00:00.000000',9,2021,2022,NULL,'MIDDLE','TERM1',29,1,53,'2021-10-15'),(87,'2021-09-01 20:00:00.000000','2021-09-01 20:00:00.000000',6,2021,2022,NULL,'FINAL','TERM1',29,1,53,'2021-12-29'),(88,'2021-09-01 20:00:00.000000','2021-09-01 20:00:00.000000',7,2021,2022,NULL,'ASSIGNMENT','TERM1',30,1,53,'2021-10-22'),(89,'2021-09-01 20:00:00.000000','2021-09-01 20:00:00.000000',8,2021,2022,NULL,'MIDDLE','TERM1',30,1,53,'2021-10-15'),(90,'2021-09-01 20:00:00.000000','2021-09-01 20:00:00.000000',5,2021,2022,NULL,'FINAL','TERM1',30,1,53,'2021-12-29'),(91,'2021-09-01 20:00:00.000000','2021-09-01 20:00:00.000000',9,2021,2022,NULL,'ASSIGNMENT','TERM1',31,1,53,'2021-10-06'),(92,'2021-09-01 20:00:00.000000','2021-09-01 20:00:00.000000',7,2021,2022,NULL,'MIDDLE','TERM1',31,1,53,'2021-10-15'),(93,'2021-09-01 20:00:00.000000','2021-09-01 20:00:00.000000',5,2021,2022,NULL,'FINAL','TERM1',31,1,53,'2021-12-29'),(94,'2021-09-01 20:00:00.000000','2021-09-01 20:00:00.000000',5,2021,2022,NULL,'ASSIGNMENT','TERM1',32,1,53,'2021-10-23'),(95,'2021-09-01 20:00:00.000000','2021-09-01 20:00:00.000000',8,2021,2022,NULL,'MIDDLE','TERM1',32,1,53,'2021-10-15'),(96,'2021-09-01 20:00:00.000000','2021-09-01 20:00:00.000000',6,2021,2022,NULL,'FINAL','TERM1',32,1,53,'2021-12-29'),(97,'2021-09-01 20:00:00.000000','2021-09-01 20:00:00.000000',5,2021,2022,NULL,'ASSIGNMENT','TERM1',33,1,53,'2021-10-11'),(98,'2021-09-01 20:00:00.000000','2021-09-01 20:00:00.000000',5,2021,2022,NULL,'MIDDLE','TERM1',33,1,53,'2021-10-15'),(99,'2021-09-01 20:00:00.000000','2021-09-01 20:00:00.000000',9,2021,2022,NULL,'FINAL','TERM1',33,1,53,'2021-12-29'),(100,'2021-09-01 20:00:00.000000','2021-09-01 20:00:00.000000',9,2021,2022,NULL,'ASSIGNMENT','TERM1',34,1,53,'2021-10-11'),(101,'2021-09-01 20:00:00.000000','2021-09-01 20:00:00.000000',9,2021,2022,NULL,'MIDDLE','TERM1',34,1,53,'2021-10-15'),(102,'2021-09-01 20:00:00.000000','2021-09-01 20:00:00.000000',9,2021,2022,NULL,'FINAL','TERM1',34,1,53,'2021-12-29'),(103,'2021-09-01 20:00:00.000000','2021-09-01 20:00:00.000000',5,2021,2022,NULL,'ASSIGNMENT','TERM1',35,1,53,'2021-10-22'),(104,'2021-09-01 20:00:00.000000','2021-09-01 20:00:00.000000',7,2021,2022,NULL,'MIDDLE','TERM1',35,1,53,'2021-10-15'),(105,'2021-09-01 20:00:00.000000','2021-09-01 20:00:00.000000',5,2021,2022,NULL,'FINAL','TERM1',35,1,53,'2021-12-29'),(106,'2021-09-01 20:00:00.000000','2021-09-01 20:00:00.000000',5,2021,2022,NULL,'ASSIGNMENT','TERM1',36,1,53,'2021-10-21'),(107,'2021-09-01 20:00:00.000000','2021-09-01 20:00:00.000000',7,2021,2022,NULL,'MIDDLE','TERM1',36,1,53,'2021-10-15'),(108,'2021-09-01 20:00:00.000000','2021-09-01 20:00:00.000000',8,2021,2022,NULL,'FINAL','TERM1',36,1,53,'2021-12-29'),(109,'2021-09-01 20:00:00.000000','2021-09-01 20:00:00.000000',9,2021,2022,NULL,'ASSIGNMENT','TERM1',37,1,53,'2021-10-07'),(110,'2021-09-01 20:00:00.000000','2021-09-01 20:00:00.000000',6,2021,2022,NULL,'MIDDLE','TERM1',37,1,53,'2021-10-15'),(111,'2021-09-01 20:00:00.000000','2021-09-01 20:00:00.000000',9,2021,2022,NULL,'FINAL','TERM1',37,1,53,'2021-12-29'),(112,'2021-09-01 20:00:00.000000','2021-09-01 20:00:00.000000',8,2021,2022,NULL,'ASSIGNMENT','TERM1',38,1,53,'2021-10-01'),(113,'2021-09-01 20:00:00.000000','2021-09-01 20:00:00.000000',5,2021,2022,NULL,'MIDDLE','TERM1',38,1,53,'2021-10-15'),(114,'2021-09-01 20:00:00.000000','2021-09-01 20:00:00.000000',6,2021,2022,NULL,'FINAL','TERM1',38,1,53,'2021-12-29'),(115,'2021-09-01 20:00:00.000000','2021-09-01 20:00:00.000000',5,2021,2022,NULL,'ASSIGNMENT','TERM1',39,1,53,'2021-10-13'),(116,'2021-09-01 20:00:00.000000','2021-09-01 20:00:00.000000',8,2021,2022,NULL,'MIDDLE','TERM1',39,1,53,'2021-10-15'),(117,'2021-09-01 20:00:00.000000','2021-09-01 20:00:00.000000',7,2021,2022,NULL,'FINAL','TERM1',39,1,53,'2021-12-29'),(118,'2021-09-01 20:00:00.000000','2021-09-01 20:00:00.000000',9,2021,2022,NULL,'ASSIGNMENT','TERM1',40,1,53,'2021-10-04'),(119,'2021-09-01 20:00:00.000000','2021-09-01 20:00:00.000000',7,2021,2022,NULL,'MIDDLE','TERM1',40,1,53,'2021-10-15'),(120,'2021-09-01 20:00:00.000000','2021-09-01 20:00:00.000000',9,2021,2022,NULL,'FINAL','TERM1',40,1,53,'2021-12-29'),(121,'2021-09-01 20:00:00.000000','2021-09-01 20:00:00.000000',7,2021,2022,NULL,'ASSIGNMENT','TERM1',41,1,53,'2021-10-10'),(122,'2021-09-01 20:00:00.000000','2021-09-01 20:00:00.000000',5,2021,2022,NULL,'MIDDLE','TERM1',41,1,53,'2021-10-15'),(123,'2021-09-01 20:00:00.000000','2021-09-01 20:00:00.000000',5,2021,2022,NULL,'FINAL','TERM1',41,1,53,'2021-12-29'),(124,'2021-09-01 20:00:00.000000','2021-09-01 20:00:00.000000',6,2021,2022,NULL,'ASSIGNMENT','TERM1',42,1,53,'2021-10-09'),(125,'2021-09-01 20:00:00.000000','2021-09-01 20:00:00.000000',8,2021,2022,NULL,'MIDDLE','TERM1',42,1,53,'2021-10-15'),(126,'2021-09-01 20:00:00.000000','2021-09-01 20:00:00.000000',7,2021,2022,NULL,'FINAL','TERM1',42,1,53,'2021-12-29'),(127,'2021-09-01 20:00:00.000000','2021-09-01 20:00:00.000000',9,2021,2022,NULL,'ASSIGNMENT','TERM1',43,1,53,'2021-10-15'),(128,'2021-09-01 20:00:00.000000','2021-09-01 20:00:00.000000',9,2021,2022,NULL,'MIDDLE','TERM1',43,1,53,'2021-10-15'),(129,'2021-09-01 20:00:00.000000','2021-09-01 20:00:00.000000',9,2021,2022,NULL,'FINAL','TERM1',43,1,53,'2021-12-29'),(130,'2021-09-01 20:00:00.000000','2021-09-01 20:00:00.000000',5,2021,2022,NULL,'ASSIGNMENT','TERM1',44,1,53,'2021-10-19'),(131,'2021-09-01 20:00:00.000000','2021-09-01 20:00:00.000000',7,2021,2022,NULL,'MIDDLE','TERM1',44,1,53,'2021-10-15'),(132,'2021-09-01 20:00:00.000000','2021-09-01 20:00:00.000000',5,2021,2022,NULL,'FINAL','TERM1',44,1,53,'2021-12-29'),(133,'2021-09-01 20:00:00.000000','2021-09-01 20:00:00.000000',7,2021,2022,NULL,'ASSIGNMENT','TERM1',45,1,53,'2021-10-19'),(134,'2021-09-01 20:00:00.000000','2021-09-01 20:00:00.000000',7,2021,2022,NULL,'MIDDLE','TERM1',45,1,53,'2021-10-15'),(135,'2021-09-01 20:00:00.000000','2021-09-01 20:00:00.000000',6,2021,2022,NULL,'FINAL','TERM1',45,1,53,'2021-12-29'),(136,'2021-09-01 20:00:00.000000','2021-09-01 20:00:00.000000',8,2021,2022,NULL,'ASSIGNMENT','TERM1',46,1,53,'2021-10-07'),(137,'2021-09-01 20:00:00.000000','2021-09-01 20:00:00.000000',8,2021,2022,NULL,'MIDDLE','TERM1',46,1,53,'2021-10-15'),(138,'2021-09-01 20:00:00.000000','2021-09-01 20:00:00.000000',5,2021,2022,NULL,'FINAL','TERM1',46,1,53,'2021-12-29'),(139,'2021-09-01 20:00:00.000000','2021-09-01 20:00:00.000000',9,2021,2022,NULL,'ASSIGNMENT','TERM1',47,1,53,'2021-10-09'),(140,'2021-09-01 20:00:00.000000','2021-09-01 20:00:00.000000',6,2021,2022,NULL,'MIDDLE','TERM1',47,1,53,'2021-10-15'),(141,'2021-09-01 20:00:00.000000','2021-09-01 20:00:00.000000',7,2021,2022,NULL,'FINAL','TERM1',47,1,53,'2021-12-29'),(142,'2021-09-01 20:00:00.000000','2021-09-01 20:00:00.000000',6,2021,2022,NULL,'ASSIGNMENT','TERM1',48,1,53,'2021-10-23'),(143,'2021-09-01 20:00:00.000000','2021-09-01 20:00:00.000000',6,2021,2022,NULL,'MIDDLE','TERM1',48,1,53,'2021-10-15'),(144,'2021-09-01 20:00:00.000000','2021-09-01 20:00:00.000000',8,2021,2022,NULL,'FINAL','TERM1',48,1,53,'2021-12-29'),(145,'2021-09-01 20:00:00.000000','2021-09-01 20:00:00.000000',8,2021,2022,NULL,'ASSIGNMENT','TERM1',49,1,53,'2021-10-02'),(146,'2021-09-01 20:00:00.000000','2021-09-01 20:00:00.000000',7,2021,2022,NULL,'MIDDLE','TERM1',49,1,53,'2021-10-15'),(147,'2021-09-01 20:00:00.000000','2021-09-01 20:00:00.000000',9,2021,2022,NULL,'FINAL','TERM1',49,1,53,'2021-12-29'),(148,'2021-09-01 20:00:00.000000','2021-09-01 20:00:00.000000',9,2021,2022,NULL,'ASSIGNMENT','TERM1',50,1,53,'2021-10-25'),(149,'2021-09-01 20:00:00.000000','2021-09-01 20:00:00.000000',9,2021,2022,NULL,'MIDDLE','TERM1',50,1,53,'2021-10-15'),(150,'2021-09-01 20:00:00.000000','2021-09-01 20:00:00.000000',5,2021,2022,NULL,'FINAL','TERM1',50,1,53,'2021-12-29'),(151,'2021-09-01 20:00:00.000000','2021-09-01 20:00:00.000000',7,2021,2022,NULL,'ASSIGNMENT','TERM2',1,1,53,'2022-03-03'),(152,'2021-09-01 20:00:00.000000','2021-09-01 20:00:00.000000',5,2021,2022,NULL,'MIDDLE','TERM2',1,1,53,'2022-04-14'),(154,'2021-09-01 20:00:00.000000','2021-09-01 20:00:00.000000',5,2021,2022,NULL,'ASSIGNMENT','TERM2',2,1,53,'2022-03-21'),(155,'2021-09-01 20:00:00.000000','2021-09-01 20:00:00.000000',8,2021,2022,NULL,'MIDDLE','TERM2',2,1,53,'2022-04-14'),(157,'2021-09-01 20:00:00.000000','2021-09-01 20:00:00.000000',7,2021,2022,NULL,'ASSIGNMENT','TERM2',3,1,53,'2022-03-08'),(158,'2021-09-01 20:00:00.000000','2021-09-01 20:00:00.000000',7,2021,2022,NULL,'MIDDLE','TERM2',3,1,53,'2022-04-14'),(160,'2021-09-01 20:00:00.000000','2021-09-01 20:00:00.000000',6,2021,2022,NULL,'ASSIGNMENT','TERM2',4,1,53,'2022-03-03'),(161,'2021-09-01 20:00:00.000000','2021-09-01 20:00:00.000000',6,2021,2022,NULL,'MIDDLE','TERM2',4,1,53,'2022-04-14'),(163,'2021-09-01 20:00:00.000000','2021-09-01 20:00:00.000000',6,2021,2022,NULL,'ASSIGNMENT','TERM2',5,1,53,'2022-03-21'),(164,'2021-09-01 20:00:00.000000','2021-09-01 20:00:00.000000',5,2021,2022,NULL,'MIDDLE','TERM2',5,1,53,'2022-04-14'),(166,'2021-09-01 20:00:00.000000','2021-09-01 20:00:00.000000',5,2021,2022,NULL,'ASSIGNMENT','TERM2',6,1,53,'2022-03-07'),(167,'2021-09-01 20:00:00.000000','2021-09-01 20:00:00.000000',6,2021,2022,NULL,'MIDDLE','TERM2',6,1,53,'2022-04-14'),(169,'2021-09-01 20:00:00.000000','2021-09-01 20:00:00.000000',7,2021,2022,NULL,'ASSIGNMENT','TERM2',7,1,53,'2022-03-28'),(170,'2021-09-01 20:00:00.000000','2021-09-01 20:00:00.000000',6,2021,2022,NULL,'MIDDLE','TERM2',7,1,53,'2022-04-14'),(172,'2021-09-01 20:00:00.000000','2021-09-01 20:00:00.000000',9,2021,2022,NULL,'ASSIGNMENT','TERM2',8,1,53,'2022-03-06'),(173,'2021-09-01 20:00:00.000000','2021-09-01 20:00:00.000000',6,2021,2022,NULL,'MIDDLE','TERM2',8,1,53,'2022-04-14'),(175,'2021-09-01 20:00:00.000000','2021-09-01 20:00:00.000000',9,2021,2022,NULL,'ASSIGNMENT','TERM2',9,1,53,'2022-03-03'),(176,'2021-09-01 20:00:00.000000','2021-09-01 20:00:00.000000',6,2021,2022,NULL,'MIDDLE','TERM2',9,1,53,'2022-04-14'),(178,'2021-09-01 20:00:00.000000','2021-09-01 20:00:00.000000',9,2021,2022,NULL,'ASSIGNMENT','TERM2',10,1,53,'2022-03-23'),(179,'2021-09-01 20:00:00.000000','2021-09-01 20:00:00.000000',6,2021,2022,NULL,'MIDDLE','TERM2',10,1,53,'2022-04-14'),(181,'2021-09-01 20:00:00.000000','2021-09-01 20:00:00.000000',6,2021,2022,NULL,'ASSIGNMENT','TERM2',11,1,53,'2022-03-22'),(182,'2021-09-01 20:00:00.000000','2021-09-01 20:00:00.000000',9,2021,2022,NULL,'MIDDLE','TERM2',11,1,53,'2022-04-14'),(184,'2021-09-01 20:00:00.000000','2021-09-01 20:00:00.000000',7,2021,2022,NULL,'ASSIGNMENT','TERM2',12,1,53,'2022-03-08'),(185,'2021-09-01 20:00:00.000000','2021-09-01 20:00:00.000000',8,2021,2022,NULL,'MIDDLE','TERM2',12,1,53,'2022-04-14'),(187,'2021-09-01 20:00:00.000000','2021-09-01 20:00:00.000000',9,2021,2022,NULL,'ASSIGNMENT','TERM2',13,1,53,'2022-03-05'),(188,'2021-09-01 20:00:00.000000','2021-09-01 20:00:00.000000',5,2021,2022,NULL,'MIDDLE','TERM2',13,1,53,'2022-04-14'),(189,'2021-09-01 20:00:00.000000','2021-09-01 20:00:00.000000',9,2021,2022,NULL,'ASSIGNMENT','TERM2',14,1,53,'2022-03-29'),(190,'2021-09-01 20:00:00.000000','2021-09-01 20:00:00.000000',6,2021,2022,NULL,'MIDDLE','TERM2',14,1,53,'2022-04-14'),(191,'2021-09-01 20:00:00.000000','2021-09-01 20:00:00.000000',9,2021,2022,NULL,'ASSIGNMENT','TERM2',15,1,53,'2022-03-12'),(192,'2021-09-01 20:00:00.000000','2021-09-01 20:00:00.000000',8,2021,2022,NULL,'MIDDLE','TERM2',15,1,53,'2022-04-14'),(193,'2021-09-01 20:00:00.000000','2021-09-01 20:00:00.000000',8,2021,2022,NULL,'ASSIGNMENT','TERM2',16,1,53,'2022-03-02'),(194,'2021-09-01 20:00:00.000000','2021-09-01 20:00:00.000000',8,2021,2022,NULL,'ASSIGNMENT','TERM2',17,1,53,'2022-03-02'),(196,'2021-09-01 20:00:00.000000','2021-09-01 20:00:00.000000',9,2021,2022,NULL,'ASSIGNMENT','TERM2',19,1,53,'2022-03-05'),(197,'2021-09-01 20:00:00.000000','2021-09-01 20:00:00.000000',6,2021,2022,NULL,'MIDDLE','TERM2',19,1,53,'2022-04-14'),(199,'2021-09-01 20:00:00.000000','2021-09-01 20:00:00.000000',7,2021,2022,NULL,'ASSIGNMENT','TERM2',20,1,53,'2022-03-17'),(200,'2021-09-01 20:00:00.000000','2021-09-01 20:00:00.000000',9,2021,2022,NULL,'MIDDLE','TERM2',20,1,53,'2022-04-14'),(202,'2021-09-01 20:00:00.000000','2021-09-01 20:00:00.000000',9,2021,2022,NULL,'ASSIGNMENT','TERM2',21,1,53,'2022-03-13'),(203,'2021-09-01 20:00:00.000000','2021-09-01 20:00:00.000000',5,2021,2022,NULL,'MIDDLE','TERM2',21,1,53,'2022-04-14'),(205,'2021-09-01 20:00:00.000000','2021-09-01 20:00:00.000000',7,2021,2022,NULL,'ASSIGNMENT','TERM2',22,1,53,'2022-03-13'),(206,'2021-09-01 20:00:00.000000','2021-09-01 20:00:00.000000',8,2021,2022,NULL,'MIDDLE','TERM2',22,1,53,'2022-04-14'),(208,'2021-09-01 20:00:00.000000','2021-09-01 20:00:00.000000',7,2021,2022,NULL,'ASSIGNMENT','TERM2',23,1,53,'2022-03-23'),(209,'2021-09-01 20:00:00.000000','2021-09-01 20:00:00.000000',6,2021,2022,NULL,'MIDDLE','TERM2',23,1,53,'2022-04-14'),(211,'2021-09-01 20:00:00.000000','2021-09-01 20:00:00.000000',7,2021,2022,NULL,'ASSIGNMENT','TERM2',24,1,53,'2022-03-21'),(212,'2021-09-01 20:00:00.000000','2021-09-01 20:00:00.000000',7,2021,2022,NULL,'MIDDLE','TERM2',24,1,53,'2022-04-14'),(214,'2021-09-01 20:00:00.000000','2021-09-01 20:00:00.000000',5,2021,2022,NULL,'ASSIGNMENT','TERM2',25,1,53,'2022-03-05'),(215,'2021-09-01 20:00:00.000000','2021-09-01 20:00:00.000000',8,2021,2022,NULL,'MIDDLE','TERM2',25,1,53,'2022-04-14'),(217,'2021-09-01 20:00:00.000000','2021-09-01 20:00:00.000000',7,2021,2022,NULL,'ASSIGNMENT','TERM2',26,1,53,'2022-03-21'),(218,'2021-09-01 20:00:00.000000','2021-09-01 20:00:00.000000',5,2021,2022,NULL,'MIDDLE','TERM2',26,1,53,'2022-04-14'),(220,'2021-09-01 20:00:00.000000','2021-09-01 20:00:00.000000',6,2021,2022,NULL,'ASSIGNMENT','TERM2',27,1,53,'2022-03-02'),(221,'2021-09-01 20:00:00.000000','2021-09-01 20:00:00.000000',8,2021,2022,NULL,'MIDDLE','TERM2',27,1,53,'2022-04-14'),(223,'2021-09-01 20:00:00.000000','2021-09-01 20:00:00.000000',6,2021,2022,NULL,'ASSIGNMENT','TERM2',28,1,53,'2022-03-06'),(224,'2021-09-01 20:00:00.000000','2021-09-01 20:00:00.000000',9,2021,2022,NULL,'MIDDLE','TERM2',28,1,53,'2022-04-14'),(226,'2021-09-01 20:00:00.000000','2021-09-01 20:00:00.000000',9,2021,2022,NULL,'ASSIGNMENT','TERM2',29,1,53,'2022-03-23'),(227,'2021-09-01 20:00:00.000000','2021-09-01 20:00:00.000000',7,2021,2022,NULL,'MIDDLE','TERM2',29,1,53,'2022-04-14'),(229,'2021-09-01 20:00:00.000000','2021-09-01 20:00:00.000000',9,2021,2022,NULL,'ASSIGNMENT','TERM2',30,1,53,'2022-03-08'),(230,'2021-09-01 20:00:00.000000','2021-09-01 20:00:00.000000',9,2021,2022,NULL,'MIDDLE','TERM2',30,1,53,'2022-04-14'),(232,'2021-09-01 20:00:00.000000','2021-09-01 20:00:00.000000',8,2021,2022,NULL,'ASSIGNMENT','TERM2',31,1,53,'2022-03-27'),(233,'2021-09-01 20:00:00.000000','2021-09-01 20:00:00.000000',6,2021,2022,NULL,'MIDDLE','TERM2',31,1,53,'2022-04-14'),(235,'2021-09-01 20:00:00.000000','2021-09-01 20:00:00.000000',9,2021,2022,NULL,'ASSIGNMENT','TERM2',32,1,53,'2022-03-26'),(236,'2021-09-01 20:00:00.000000','2021-09-01 20:00:00.000000',7,2021,2022,NULL,'MIDDLE','TERM2',32,1,53,'2022-04-14'),(238,'2021-09-01 20:00:00.000000','2021-09-01 20:00:00.000000',8,2021,2022,NULL,'ASSIGNMENT','TERM2',33,1,53,'2022-03-18'),(239,'2021-09-01 20:00:00.000000','2021-09-01 20:00:00.000000',8,2021,2022,NULL,'MIDDLE','TERM2',33,1,53,'2022-04-14'),(241,'2021-09-01 20:00:00.000000','2021-09-01 20:00:00.000000',6,2021,2022,NULL,'ASSIGNMENT','TERM2',34,1,53,'2022-03-10'),(242,'2021-09-01 20:00:00.000000','2021-09-01 20:00:00.000000',8,2021,2022,NULL,'MIDDLE','TERM2',34,1,53,'2022-04-14'),(244,'2021-09-01 20:00:00.000000','2021-09-01 20:00:00.000000',9,2021,2022,NULL,'ASSIGNMENT','TERM2',35,1,53,'2022-03-28'),(245,'2021-09-01 20:00:00.000000','2021-09-01 20:00:00.000000',6,2021,2022,NULL,'MIDDLE','TERM2',35,1,53,'2022-04-14'),(253,'2021-09-01 20:00:00.000000','2021-09-01 20:00:00.000000',5,2021,2022,NULL,'MIDDLE','TERM2',43,1,53,'2022-04-14'),(254,'2021-09-01 20:00:00.000000','2021-09-01 20:00:00.000000',9,2021,2022,NULL,'MIDDLE','TERM2',44,1,53,'2022-04-14'),(255,'2021-09-01 20:00:00.000000','2021-09-01 20:00:00.000000',6,2021,2022,NULL,'MIDDLE','TERM2',45,1,53,'2022-04-14'),(256,'2021-09-01 20:00:00.000000','2021-09-01 20:00:00.000000',6,2021,2022,NULL,'MIDDLE','TERM2',46,1,53,'2022-04-14'),(257,'2021-09-01 20:00:00.000000','2021-09-01 20:00:00.000000',5,2021,2022,NULL,'MIDDLE','TERM2',47,1,53,'2022-04-14'),(258,'2021-09-01 20:00:00.000000','2021-09-01 20:00:00.000000',7,2021,2022,NULL,'ASSIGNMENT','TERM1',1,5,55,'2021-10-02'),(259,'2021-09-01 20:00:00.000000','2021-09-01 20:00:00.000000',7,2021,2022,NULL,'MIDDLE','TERM1',1,5,55,'2021-10-15'),(260,'2021-09-01 20:00:00.000000','2021-09-01 20:00:00.000000',7,2021,2022,NULL,'FINAL','TERM1',1,5,55,'2021-12-29'),(261,'2021-09-01 20:00:00.000000','2021-09-01 20:00:00.000000',5,2021,2022,NULL,'ASSIGNMENT','TERM1',2,5,55,'2021-10-22'),(262,'2021-09-01 20:00:00.000000','2021-09-01 20:00:00.000000',6,2021,2022,NULL,'MIDDLE','TERM1',2,5,55,'2021-10-15'),(263,'2021-09-01 20:00:00.000000','2021-09-01 20:00:00.000000',6,2021,2022,NULL,'FINAL','TERM1',2,5,55,'2021-12-29'),(264,'2021-09-01 20:00:00.000000','2021-09-01 20:00:00.000000',5,2021,2022,NULL,'ASSIGNMENT','TERM1',3,5,55,'2021-10-17'),(265,'2021-09-01 20:00:00.000000','2021-09-01 20:00:00.000000',7,2021,2022,NULL,'MIDDLE','TERM1',3,5,55,'2021-10-15'),(266,'2021-09-01 20:00:00.000000','2021-09-01 20:00:00.000000',7,2021,2022,NULL,'FINAL','TERM1',3,5,55,'2021-12-29'),(267,'2021-09-01 20:00:00.000000','2021-09-01 20:00:00.000000',8,2021,2022,NULL,'ASSIGNMENT','TERM1',4,5,55,'2021-10-17'),(268,'2021-09-01 20:00:00.000000','2021-09-01 20:00:00.000000',6,2021,2022,NULL,'MIDDLE','TERM1',4,5,55,'2021-10-15'),(269,'2021-09-01 20:00:00.000000','2021-09-01 20:00:00.000000',7,2021,2022,NULL,'FINAL','TERM1',4,5,55,'2021-12-29'),(270,'2021-09-01 20:00:00.000000','2021-09-01 20:00:00.000000',5,2021,2022,NULL,'ASSIGNMENT','TERM1',5,5,55,'2021-10-04'),(271,'2021-09-01 20:00:00.000000','2021-09-01 20:00:00.000000',8,2021,2022,NULL,'MIDDLE','TERM1',5,5,55,'2021-10-15'),(272,'2021-09-01 20:00:00.000000','2021-09-01 20:00:00.000000',7,2021,2022,NULL,'FINAL','TERM1',5,5,55,'2021-12-29'),(273,'2021-09-01 20:00:00.000000','2021-09-01 20:00:00.000000',8,2021,2022,NULL,'ASSIGNMENT','TERM1',6,5,55,'2021-10-01'),(274,'2021-09-01 20:00:00.000000','2021-09-01 20:00:00.000000',9,2021,2022,NULL,'MIDDLE','TERM1',6,5,55,'2021-10-15'),(275,'2021-09-01 20:00:00.000000','2021-09-01 20:00:00.000000',7,2021,2022,NULL,'FINAL','TERM1',6,5,55,'2021-12-29'),(276,'2021-09-01 20:00:00.000000','2021-09-01 20:00:00.000000',5,2021,2022,NULL,'ASSIGNMENT','TERM1',7,5,55,'2021-10-18'),(277,'2021-09-01 20:00:00.000000','2021-09-01 20:00:00.000000',9,2021,2022,NULL,'MIDDLE','TERM1',7,5,55,'2021-10-15'),(278,'2021-09-01 20:00:00.000000','2021-09-01 20:00:00.000000',6,2021,2022,NULL,'FINAL','TERM1',7,5,55,'2021-12-29'),(279,'2021-09-01 20:00:00.000000','2021-09-01 20:00:00.000000',8,2021,2022,NULL,'ASSIGNMENT','TERM1',8,5,55,'2021-10-01'),(280,'2021-09-01 20:00:00.000000','2021-09-01 20:00:00.000000',8,2021,2022,NULL,'MIDDLE','TERM1',8,5,55,'2021-10-15'),(281,'2021-09-01 20:00:00.000000','2021-09-01 20:00:00.000000',6,2021,2022,NULL,'FINAL','TERM1',8,5,55,'2021-12-29'),(282,'2021-09-01 20:00:00.000000','2021-09-01 20:00:00.000000',6,2021,2022,NULL,'ASSIGNMENT','TERM1',9,5,55,'2021-10-09'),(283,'2021-09-01 20:00:00.000000','2021-09-01 20:00:00.000000',5,2021,2022,NULL,'MIDDLE','TERM1',9,5,55,'2021-10-15'),(284,'2021-09-01 20:00:00.000000','2021-09-01 20:00:00.000000',6,2021,2022,NULL,'FINAL','TERM1',9,5,55,'2021-12-29'),(285,'2021-09-01 20:00:00.000000','2021-09-01 20:00:00.000000',6,2021,2022,NULL,'ASSIGNMENT','TERM1',10,5,55,'2021-10-13'),(286,'2021-09-01 20:00:00.000000','2021-09-01 20:00:00.000000',7,2021,2022,NULL,'MIDDLE','TERM1',10,5,55,'2021-10-15'),(287,'2021-09-01 20:00:00.000000','2021-09-01 20:00:00.000000',7,2021,2022,NULL,'FINAL','TERM1',10,5,55,'2021-12-29'),(288,'2021-09-01 20:00:00.000000','2021-09-01 20:00:00.000000',8,2021,2022,NULL,'ASSIGNMENT','TERM1',11,5,55,'2021-10-08'),(289,'2021-09-01 20:00:00.000000','2021-09-01 20:00:00.000000',8,2021,2022,NULL,'MIDDLE','TERM1',11,5,55,'2021-10-15'),(290,'2021-09-01 20:00:00.000000','2021-09-01 20:00:00.000000',8,2021,2022,NULL,'FINAL','TERM1',11,5,55,'2021-12-29'),(291,'2021-09-01 20:00:00.000000','2021-09-01 20:00:00.000000',8,2021,2022,NULL,'ASSIGNMENT','TERM1',12,5,55,'2021-10-29'),(292,'2021-09-01 20:00:00.000000','2021-09-01 20:00:00.000000',7,2021,2022,NULL,'MIDDLE','TERM1',12,5,55,'2021-10-15'),(293,'2021-09-01 20:00:00.000000','2021-09-01 20:00:00.000000',5,2021,2022,NULL,'FINAL','TERM1',12,5,55,'2021-12-29'),(294,'2021-09-01 20:00:00.000000','2021-09-01 20:00:00.000000',7,2021,2022,NULL,'ASSIGNMENT','TERM1',13,5,55,'2021-10-04'),(295,'2021-09-01 20:00:00.000000','2021-09-01 20:00:00.000000',5,2021,2022,NULL,'MIDDLE','TERM1',13,5,55,'2021-10-15'),(296,'2021-09-01 20:00:00.000000','2021-09-01 20:00:00.000000',8,2021,2022,NULL,'FINAL','TERM1',13,5,55,'2021-12-29'),(297,'2021-09-01 20:00:00.000000','2021-09-01 20:00:00.000000',6,2021,2022,NULL,'ASSIGNMENT','TERM1',14,5,55,'2021-10-19'),(298,'2021-09-01 20:00:00.000000','2021-09-01 20:00:00.000000',7,2021,2022,NULL,'MIDDLE','TERM1',14,5,55,'2021-10-15'),(299,'2021-09-01 20:00:00.000000','2021-09-01 20:00:00.000000',7,2021,2022,NULL,'FINAL','TERM1',14,5,55,'2021-12-29'),(300,'2021-09-01 20:00:00.000000','2021-09-01 20:00:00.000000',5,2021,2022,NULL,'ASSIGNMENT','TERM1',15,5,55,'2021-10-24'),(301,'2021-09-01 20:00:00.000000','2021-09-01 20:00:00.000000',5,2021,2022,NULL,'MIDDLE','TERM1',15,5,55,'2021-10-15'),(302,'2021-09-01 20:00:00.000000','2021-09-01 20:00:00.000000',8,2021,2022,NULL,'FINAL','TERM1',15,5,55,'2021-12-29'),(303,'2021-09-01 20:00:00.000000','2021-09-01 20:00:00.000000',7,2021,2022,NULL,'ASSIGNMENT','TERM1',16,5,55,'2021-10-06'),(304,'2021-09-01 20:00:00.000000','2021-09-01 20:00:00.000000',5,2021,2022,NULL,'MIDDLE','TERM1',16,5,55,'2021-10-15'),(305,'2021-09-01 20:00:00.000000','2021-09-01 20:00:00.000000',7,2021,2022,NULL,'FINAL','TERM1',16,5,55,'2021-12-29'),(306,'2021-09-01 20:00:00.000000','2021-09-01 20:00:00.000000',7,2021,2022,NULL,'ASSIGNMENT','TERM1',17,5,55,'2021-10-14'),(307,'2021-09-01 20:00:00.000000','2021-09-01 20:00:00.000000',6,2021,2022,NULL,'MIDDLE','TERM1',17,5,55,'2021-10-15'),(308,'2021-09-01 20:00:00.000000','2021-09-01 20:00:00.000000',9,2021,2022,NULL,'FINAL','TERM1',17,5,55,'2021-12-29'),(309,'2021-09-01 20:00:00.000000','2021-09-01 20:00:00.000000',8,2021,2022,NULL,'ASSIGNMENT','TERM1',18,5,55,'2021-10-23'),(310,'2021-09-01 20:00:00.000000','2021-09-01 20:00:00.000000',6,2021,2022,NULL,'MIDDLE','TERM1',18,5,55,'2021-10-15'),(311,'2021-09-01 20:00:00.000000','2021-09-01 20:00:00.000000',5,2021,2022,NULL,'FINAL','TERM1',18,5,55,'2021-12-29'),(312,'2021-09-01 20:00:00.000000','2021-09-01 20:00:00.000000',7,2021,2022,NULL,'ASSIGNMENT','TERM1',19,5,55,'2021-10-15'),(313,'2021-09-01 20:00:00.000000','2021-09-01 20:00:00.000000',6,2021,2022,NULL,'MIDDLE','TERM1',19,5,55,'2021-10-15'),(314,'2021-09-01 20:00:00.000000','2021-09-01 20:00:00.000000',5,2021,2022,NULL,'FINAL','TERM1',19,5,55,'2021-12-29'),(315,'2021-09-01 20:00:00.000000','2021-09-01 20:00:00.000000',5,2021,2022,NULL,'ASSIGNMENT','TERM1',1,9,56,'2021-10-04'),(316,'2021-09-01 20:00:00.000000','2021-09-01 20:00:00.000000',7,2021,2022,NULL,'MIDDLE','TERM1',1,9,56,'2021-10-15'),(317,'2021-09-01 20:00:00.000000','2021-09-01 20:00:00.000000',8,2021,2022,NULL,'FINAL','TERM1',1,9,56,'2021-12-29'),(318,'2021-09-01 20:00:00.000000','2021-09-01 20:00:00.000000',9,2021,2022,NULL,'ASSIGNMENT','TERM1',2,9,56,'2021-10-06'),(319,'2021-09-01 20:00:00.000000','2021-09-01 20:00:00.000000',5,2021,2022,NULL,'MIDDLE','TERM1',2,9,56,'2021-10-15'),(320,'2021-09-01 20:00:00.000000','2021-09-01 20:00:00.000000',5,2021,2022,NULL,'FINAL','TERM1',2,9,56,'2021-12-29'),(321,'2021-09-01 20:00:00.000000','2021-09-01 20:00:00.000000',5,2021,2022,NULL,'ASSIGNMENT','TERM1',3,9,56,'2021-10-17'),(322,'2021-09-01 20:00:00.000000','2021-09-01 20:00:00.000000',5,2021,2022,NULL,'MIDDLE','TERM1',3,9,56,'2021-10-15'),(323,'2021-09-01 20:00:00.000000','2021-09-01 20:00:00.000000',5,2021,2022,NULL,'FINAL','TERM1',3,9,56,'2021-12-29'),(324,'2021-09-01 20:00:00.000000','2021-09-01 20:00:00.000000',5,2021,2022,NULL,'ASSIGNMENT','TERM1',4,9,56,'2021-10-09'),(325,'2021-09-01 20:00:00.000000','2021-09-01 20:00:00.000000',5,2021,2022,NULL,'MIDDLE','TERM1',4,9,56,'2021-10-15'),(326,'2021-09-01 20:00:00.000000','2021-09-01 20:00:00.000000',6,2021,2022,NULL,'FINAL','TERM1',4,9,56,'2021-12-29'),(327,'2021-09-01 20:00:00.000000','2021-09-01 20:00:00.000000',7,2021,2022,NULL,'ASSIGNMENT','TERM1',5,9,56,'2021-10-24'),(328,'2021-09-01 20:00:00.000000','2021-09-01 20:00:00.000000',7,2021,2022,NULL,'MIDDLE','TERM1',5,9,56,'2021-10-15'),(329,'2021-09-01 20:00:00.000000','2021-09-01 20:00:00.000000',8,2021,2022,NULL,'FINAL','TERM1',5,9,56,'2021-12-29'),(330,'2021-09-01 20:00:00.000000','2021-09-01 20:00:00.000000',6,2021,2022,NULL,'ASSIGNMENT','TERM1',6,9,56,'2021-10-02'),(331,'2021-09-01 20:00:00.000000','2021-09-01 20:00:00.000000',5,2021,2022,NULL,'MIDDLE','TERM1',6,9,56,'2021-10-15'),(332,'2021-09-01 20:00:00.000000','2021-09-01 20:00:00.000000',9,2021,2022,NULL,'FINAL','TERM1',6,9,56,'2021-12-29'),(333,'2021-09-01 20:00:00.000000','2021-09-01 20:00:00.000000',9,2021,2022,NULL,'ASSIGNMENT','TERM1',7,9,56,'2021-10-26'),(334,'2021-09-01 20:00:00.000000','2021-09-01 20:00:00.000000',8,2021,2022,NULL,'MIDDLE','TERM1',7,9,56,'2021-10-15'),(335,'2021-09-01 20:00:00.000000','2021-09-01 20:00:00.000000',5,2021,2022,NULL,'FINAL','TERM1',7,9,56,'2021-12-29'),(336,'2021-09-01 20:00:00.000000','2021-09-01 20:00:00.000000',6,2021,2022,NULL,'ASSIGNMENT','TERM1',8,9,56,'2021-10-06'),(337,'2021-09-01 20:00:00.000000','2021-09-01 20:00:00.000000',6,2021,2022,NULL,'MIDDLE','TERM1',8,9,56,'2021-10-15'),(338,'2021-09-01 20:00:00.000000','2021-09-01 20:00:00.000000',9,2021,2022,NULL,'FINAL','TERM1',8,9,56,'2021-12-29'),(339,'2021-09-01 20:00:00.000000','2021-09-01 20:00:00.000000',7,2021,2022,NULL,'ASSIGNMENT','TERM1',9,9,56,'2021-10-10'),(340,'2021-09-01 20:00:00.000000','2021-09-01 20:00:00.000000',9,2021,2022,NULL,'MIDDLE','TERM1',9,9,56,'2021-10-15'),(341,'2021-09-01 20:00:00.000000','2021-09-01 20:00:00.000000',9,2021,2022,NULL,'FINAL','TERM1',9,9,56,'2021-12-29'),(342,'2021-09-01 20:00:00.000000','2021-09-01 20:00:00.000000',8,2021,2022,NULL,'ASSIGNMENT','TERM1',10,9,56,'2021-10-04'),(343,'2021-09-01 20:00:00.000000','2021-09-01 20:00:00.000000',5,2021,2022,NULL,'MIDDLE','TERM1',10,9,56,'2021-10-15'),(344,'2021-09-01 20:00:00.000000','2021-09-01 20:00:00.000000',7,2021,2022,NULL,'FINAL','TERM1',10,9,56,'2021-12-29'),(345,'2021-09-01 20:00:00.000000','2021-09-01 20:00:00.000000',9,2021,2022,NULL,'ASSIGNMENT','TERM1',11,9,56,'2021-10-16'),(346,'2021-09-01 20:00:00.000000','2021-09-01 20:00:00.000000',6,2021,2022,NULL,'MIDDLE','TERM1',11,9,56,'2021-10-15'),(347,'2021-09-01 20:00:00.000000','2021-09-01 20:00:00.000000',6,2021,2022,NULL,'FINAL','TERM1',11,9,56,'2021-12-29'),(348,'2021-09-01 20:00:00.000000','2021-09-01 20:00:00.000000',8,2021,2022,NULL,'ASSIGNMENT','TERM1',12,9,56,'2021-10-10'),(349,'2021-09-01 20:00:00.000000','2021-09-01 20:00:00.000000',6,2021,2022,NULL,'MIDDLE','TERM1',12,9,56,'2021-10-15'),(350,'2021-09-01 20:00:00.000000','2021-09-01 20:00:00.000000',8,2021,2022,NULL,'FINAL','TERM1',12,9,56,'2021-12-29'),(351,'2021-09-01 20:00:00.000000','2021-09-01 20:00:00.000000',7,2021,2022,NULL,'ASSIGNMENT','TERM1',13,9,56,'2021-10-02'),(352,'2021-09-01 20:00:00.000000','2021-09-01 20:00:00.000000',6,2021,2022,NULL,'MIDDLE','TERM1',13,9,56,'2021-10-15'),(353,'2021-09-01 20:00:00.000000','2021-09-01 20:00:00.000000',6,2021,2022,NULL,'FINAL','TERM1',13,9,56,'2021-12-29'),(354,'2021-09-01 20:00:00.000000','2021-09-01 20:00:00.000000',5,2021,2022,NULL,'ASSIGNMENT','TERM1',14,9,56,'2021-10-09'),(355,'2021-09-01 20:00:00.000000','2021-09-01 20:00:00.000000',8,2021,2022,NULL,'MIDDLE','TERM1',14,9,56,'2021-10-15'),(356,'2021-09-01 20:00:00.000000','2021-09-01 20:00:00.000000',5,2021,2022,NULL,'FINAL','TERM1',14,9,56,'2021-12-29'),(357,'2021-09-01 20:00:00.000000','2021-09-01 20:00:00.000000',7,2021,2022,NULL,'ASSIGNMENT','TERM1',15,9,56,'2021-10-11'),(358,'2021-09-01 20:00:00.000000','2021-09-01 20:00:00.000000',7,2021,2022,NULL,'MIDDLE','TERM1',15,9,56,'2021-10-15'),(359,'2021-09-01 20:00:00.000000','2021-09-01 20:00:00.000000',7,2021,2022,NULL,'FINAL','TERM1',15,9,56,'2021-12-29'),(360,'2021-09-01 20:00:00.000000','2021-09-01 20:00:00.000000',7,2021,2022,NULL,'ASSIGNMENT','TERM1',16,9,56,'2021-10-27'),(361,'2021-09-01 20:00:00.000000','2021-09-01 20:00:00.000000',7,2021,2022,NULL,'MIDDLE','TERM1',16,9,56,'2021-10-15'),(362,'2021-09-01 20:00:00.000000','2021-09-01 20:00:00.000000',7,2021,2022,NULL,'FINAL','TERM1',16,9,56,'2021-12-29'),(363,'2021-09-01 20:00:00.000000','2021-09-01 20:00:00.000000',7,2021,2022,NULL,'ASSIGNMENT','TERM1',17,9,56,'2021-10-15'),(364,'2021-09-01 20:00:00.000000','2021-09-01 20:00:00.000000',9,2021,2022,NULL,'MIDDLE','TERM1',17,9,56,'2021-10-15'),(365,'2021-09-01 20:00:00.000000','2021-09-01 20:00:00.000000',6,2021,2022,NULL,'FINAL','TERM1',17,9,56,'2021-12-29'),(366,'2021-09-01 20:00:00.000000','2021-09-01 20:00:00.000000',5,2021,2022,NULL,'ASSIGNMENT','TERM1',18,9,56,'2021-10-20'),(367,'2021-09-01 20:00:00.000000','2021-09-01 20:00:00.000000',5,2021,2022,NULL,'MIDDLE','TERM1',18,9,56,'2021-10-15'),(368,'2021-09-01 20:00:00.000000','2021-09-01 20:00:00.000000',7,2021,2022,NULL,'FINAL','TERM1',18,9,56,'2021-12-29'),(369,'2021-09-01 20:00:00.000000','2021-09-01 20:00:00.000000',5,2021,2022,NULL,'ASSIGNMENT','TERM1',19,9,56,'2021-10-26'),(370,'2021-09-01 20:00:00.000000','2021-09-01 20:00:00.000000',6,2021,2022,NULL,'MIDDLE','TERM1',19,9,56,'2021-10-15'),(371,'2021-09-01 20:00:00.000000','2021-09-01 20:00:00.000000',5,2021,2022,NULL,'FINAL','TERM1',19,9,56,'2021-12-29'),(372,'2021-09-01 20:00:00.000000','2021-09-01 20:00:00.000000',9,2021,2022,NULL,'ASSIGNMENT','TERM1',1,13,57,'2021-10-12'),(373,'2021-09-01 20:00:00.000000','2021-09-01 20:00:00.000000',5,2021,2022,NULL,'MIDDLE','TERM1',1,13,57,'2021-10-15'),(374,'2021-09-01 20:00:00.000000','2021-09-01 20:00:00.000000',6,2021,2022,NULL,'FINAL','TERM1',1,13,57,'2021-12-29'),(375,'2021-09-01 20:00:00.000000','2021-09-01 20:00:00.000000',7,2021,2022,NULL,'ASSIGNMENT','TERM1',2,13,57,'2021-10-10'),(376,'2021-09-01 20:00:00.000000','2021-09-01 20:00:00.000000',6,2021,2022,NULL,'MIDDLE','TERM1',2,13,57,'2021-10-15'),(377,'2021-09-01 20:00:00.000000','2021-09-01 20:00:00.000000',5,2021,2022,NULL,'FINAL','TERM1',2,13,57,'2021-12-29'),(378,'2021-09-01 20:00:00.000000','2021-09-01 20:00:00.000000',5,2021,2022,NULL,'ASSIGNMENT','TERM1',3,13,57,'2021-10-15'),(379,'2021-09-01 20:00:00.000000','2021-09-01 20:00:00.000000',8,2021,2022,NULL,'MIDDLE','TERM1',3,13,57,'2021-10-15'),(380,'2021-09-01 20:00:00.000000','2021-09-01 20:00:00.000000',6,2021,2022,NULL,'FINAL','TERM1',3,13,57,'2021-12-29'),(381,'2021-09-01 20:00:00.000000','2021-09-01 20:00:00.000000',5,2021,2022,NULL,'ASSIGNMENT','TERM1',4,13,57,'2021-10-13'),(382,'2021-09-01 20:00:00.000000','2021-09-01 20:00:00.000000',5,2021,2022,NULL,'MIDDLE','TERM1',4,13,57,'2021-10-15'),(383,'2021-09-01 20:00:00.000000','2021-09-01 20:00:00.000000',8,2021,2022,NULL,'FINAL','TERM1',4,13,57,'2021-12-29'),(384,'2021-09-01 20:00:00.000000','2021-09-01 20:00:00.000000',5,2021,2022,NULL,'ASSIGNMENT','TERM1',5,13,57,'2021-10-22'),(385,'2021-09-01 20:00:00.000000','2021-09-01 20:00:00.000000',7,2021,2022,NULL,'MIDDLE','TERM1',5,13,57,'2021-10-15'),(386,'2021-09-01 20:00:00.000000','2021-09-01 20:00:00.000000',9,2021,2022,NULL,'FINAL','TERM1',5,13,57,'2021-12-29'),(387,'2021-09-01 20:00:00.000000','2021-09-01 20:00:00.000000',5,2021,2022,NULL,'ASSIGNMENT','TERM1',6,13,57,'2021-10-13'),(388,'2021-09-01 20:00:00.000000','2021-09-01 20:00:00.000000',9,2021,2022,NULL,'MIDDLE','TERM1',6,13,57,'2021-10-15'),(389,'2021-09-01 20:00:00.000000','2021-09-01 20:00:00.000000',6,2021,2022,NULL,'FINAL','TERM1',6,13,57,'2021-12-29'),(390,'2021-09-01 20:00:00.000000','2021-09-01 20:00:00.000000',7,2021,2022,NULL,'ASSIGNMENT','TERM1',7,13,57,'2021-10-28'),(391,'2021-09-01 20:00:00.000000','2021-09-01 20:00:00.000000',5,2021,2022,NULL,'MIDDLE','TERM1',7,13,57,'2021-10-15'),(392,'2021-09-01 20:00:00.000000','2021-09-01 20:00:00.000000',5,2021,2022,NULL,'FINAL','TERM1',7,13,57,'2021-12-29'),(393,'2021-09-01 20:00:00.000000','2021-09-01 20:00:00.000000',5,2021,2022,NULL,'ASSIGNMENT','TERM1',8,13,57,'2021-10-12'),(394,'2021-09-01 20:00:00.000000','2021-09-01 20:00:00.000000',9,2021,2022,NULL,'MIDDLE','TERM1',8,13,57,'2021-10-15'),(395,'2021-09-01 20:00:00.000000','2021-09-01 20:00:00.000000',5,2021,2022,NULL,'FINAL','TERM1',8,13,57,'2021-12-29'),(396,'2021-09-01 20:00:00.000000','2021-09-01 20:00:00.000000',6,2021,2022,NULL,'ASSIGNMENT','TERM1',9,13,57,'2021-10-05'),(397,'2021-09-01 20:00:00.000000','2021-09-01 20:00:00.000000',8,2021,2022,NULL,'MIDDLE','TERM1',9,13,57,'2021-10-15'),(398,'2021-09-01 20:00:00.000000','2021-09-01 20:00:00.000000',7,2021,2022,NULL,'FINAL','TERM1',9,13,57,'2021-12-29'),(399,'2021-09-01 20:00:00.000000','2021-09-01 20:00:00.000000',6,2021,2022,NULL,'ASSIGNMENT','TERM1',10,13,57,'2021-10-17'),(400,'2021-09-01 20:00:00.000000','2021-09-01 20:00:00.000000',6,2021,2022,NULL,'MIDDLE','TERM1',10,13,57,'2021-10-15'),(401,'2021-09-01 20:00:00.000000','2021-09-01 20:00:00.000000',7,2021,2022,NULL,'FINAL','TERM1',10,13,57,'2021-12-29'),(402,'2021-09-01 20:00:00.000000','2021-09-01 20:00:00.000000',6,2021,2022,NULL,'ASSIGNMENT','TERM1',11,13,57,'2021-10-13'),(403,'2021-09-01 20:00:00.000000','2021-09-01 20:00:00.000000',7,2021,2022,NULL,'MIDDLE','TERM1',11,13,57,'2021-10-15'),(404,'2021-09-01 20:00:00.000000','2021-09-01 20:00:00.000000',5,2021,2022,NULL,'FINAL','TERM1',11,13,57,'2021-12-29'),(405,'2021-09-01 20:00:00.000000','2021-09-01 20:00:00.000000',5,2021,2022,NULL,'ASSIGNMENT','TERM1',12,13,57,'2021-10-15'),(406,'2021-09-01 20:00:00.000000','2021-09-01 20:00:00.000000',5,2021,2022,NULL,'MIDDLE','TERM1',12,13,57,'2021-10-15'),(407,'2021-09-01 20:00:00.000000','2021-09-01 20:00:00.000000',7,2021,2022,NULL,'FINAL','TERM1',12,13,57,'2021-12-29'),(408,'2021-09-01 20:00:00.000000','2021-09-01 20:00:00.000000',5,2021,2022,NULL,'ASSIGNMENT','TERM1',13,13,57,'2021-10-04'),(409,'2021-09-01 20:00:00.000000','2021-09-01 20:00:00.000000',6,2021,2022,NULL,'MIDDLE','TERM1',13,13,57,'2021-10-15'),(410,'2021-09-01 20:00:00.000000','2021-09-01 20:00:00.000000',5,2021,2022,NULL,'FINAL','TERM1',13,13,57,'2021-12-29'),(411,'2021-09-01 20:00:00.000000','2021-09-01 20:00:00.000000',5,2021,2022,NULL,'ASSIGNMENT','TERM1',14,13,57,'2021-10-02'),(412,'2021-09-01 20:00:00.000000','2021-09-01 20:00:00.000000',7,2021,2022,NULL,'MIDDLE','TERM1',14,13,57,'2021-10-15'),(413,'2021-09-01 20:00:00.000000','2021-09-01 20:00:00.000000',7,2021,2022,NULL,'FINAL','TERM1',14,13,57,'2021-12-29'),(414,'2021-09-01 20:00:00.000000','2021-09-01 20:00:00.000000',6,2021,2022,NULL,'ASSIGNMENT','TERM1',15,13,57,'2021-10-28'),(415,'2021-09-01 20:00:00.000000','2021-09-01 20:00:00.000000',8,2021,2022,NULL,'MIDDLE','TERM1',15,13,57,'2021-10-15'),(416,'2021-09-01 20:00:00.000000','2021-09-01 20:00:00.000000',7,2021,2022,NULL,'FINAL','TERM1',15,13,57,'2021-12-29'),(417,'2021-09-01 20:00:00.000000','2021-09-01 20:00:00.000000',5,2021,2022,NULL,'ASSIGNMENT','TERM1',16,13,57,'2021-10-17'),(418,'2021-09-01 20:00:00.000000','2021-09-01 20:00:00.000000',8,2021,2022,NULL,'MIDDLE','TERM1',16,13,57,'2021-10-15'),(419,'2021-09-01 20:00:00.000000','2021-09-01 20:00:00.000000',7,2021,2022,NULL,'FINAL','TERM1',16,13,57,'2021-12-29'),(420,'2021-09-01 20:00:00.000000','2021-09-01 20:00:00.000000',8,2021,2022,NULL,'ASSIGNMENT','TERM1',17,13,57,'2021-10-01'),(421,'2021-09-01 20:00:00.000000','2021-09-01 20:00:00.000000',8,2021,2022,NULL,'MIDDLE','TERM1',17,13,57,'2021-10-15'),(422,'2021-09-01 20:00:00.000000','2021-09-01 20:00:00.000000',7,2021,2022,NULL,'FINAL','TERM1',17,13,57,'2021-12-29'),(423,'2021-09-01 20:00:00.000000','2021-09-01 20:00:00.000000',6,2021,2022,NULL,'ASSIGNMENT','TERM1',18,13,57,'2021-10-10'),(424,'2021-09-01 20:00:00.000000','2021-09-01 20:00:00.000000',6,2021,2022,NULL,'MIDDLE','TERM1',18,13,57,'2021-10-15'),(425,'2021-09-01 20:00:00.000000','2021-09-01 20:00:00.000000',6,2021,2022,NULL,'FINAL','TERM1',18,13,57,'2021-12-29'),(426,'2021-09-01 20:00:00.000000','2021-09-01 20:00:00.000000',9,2021,2022,NULL,'ASSIGNMENT','TERM1',19,13,57,'2021-10-20'),(427,'2021-09-01 20:00:00.000000','2021-09-01 20:00:00.000000',5,2021,2022,NULL,'MIDDLE','TERM1',19,13,57,'2021-10-15'),(428,'2021-09-01 20:00:00.000000','2021-09-01 20:00:00.000000',8,2021,2022,NULL,'FINAL','TERM1',19,13,57,'2021-12-29'),(429,'2021-09-01 20:00:00.000000','2021-09-01 20:00:00.000000',7,2021,2022,NULL,'ASSIGNMENT','TERM1',1,17,58,'2021-10-09'),(430,'2021-09-01 20:00:00.000000','2021-09-01 20:00:00.000000',6,2021,2022,NULL,'MIDDLE','TERM1',1,17,58,'2021-10-15'),(431,'2021-09-01 20:00:00.000000','2021-09-01 20:00:00.000000',6,2021,2022,NULL,'FINAL','TERM1',1,17,58,'2021-12-29'),(432,'2021-09-01 20:00:00.000000','2021-09-01 20:00:00.000000',6,2021,2022,NULL,'ASSIGNMENT','TERM1',2,17,58,'2021-10-16'),(433,'2021-09-01 20:00:00.000000','2021-09-01 20:00:00.000000',8,2021,2022,NULL,'MIDDLE','TERM1',2,17,58,'2021-10-15'),(434,'2021-09-01 20:00:00.000000','2021-09-01 20:00:00.000000',9,2021,2022,NULL,'FINAL','TERM1',2,17,58,'2021-12-29'),(435,'2021-09-01 20:00:00.000000','2021-09-01 20:00:00.000000',6,2021,2022,NULL,'ASSIGNMENT','TERM1',3,17,58,'2021-10-24'),(436,'2021-09-01 20:00:00.000000','2021-09-01 20:00:00.000000',7,2021,2022,NULL,'MIDDLE','TERM1',3,17,58,'2021-10-15'),(437,'2021-09-01 20:00:00.000000','2021-09-01 20:00:00.000000',5,2021,2022,NULL,'FINAL','TERM1',3,17,58,'2021-12-29'),(438,'2021-09-01 20:00:00.000000','2021-09-01 20:00:00.000000',5,2021,2022,NULL,'ASSIGNMENT','TERM1',4,17,58,'2021-10-14'),(439,'2021-09-01 20:00:00.000000','2021-09-01 20:00:00.000000',9,2021,2022,NULL,'MIDDLE','TERM1',4,17,58,'2021-10-15'),(440,'2021-09-01 20:00:00.000000','2021-09-01 20:00:00.000000',7,2021,2022,NULL,'FINAL','TERM1',4,17,58,'2021-12-29'),(441,'2021-09-01 20:00:00.000000','2021-09-01 20:00:00.000000',6,2021,2022,NULL,'ASSIGNMENT','TERM1',5,17,58,'2021-10-25'),(442,'2021-09-01 20:00:00.000000','2021-09-01 20:00:00.000000',8,2021,2022,NULL,'MIDDLE','TERM1',5,17,58,'2021-10-15'),(443,'2021-09-01 20:00:00.000000','2021-09-01 20:00:00.000000',5,2021,2022,NULL,'FINAL','TERM1',5,17,58,'2021-12-29'),(444,'2021-09-01 20:00:00.000000','2021-09-01 20:00:00.000000',6,2021,2022,NULL,'ASSIGNMENT','TERM1',6,17,58,'2021-10-25'),(445,'2021-09-01 20:00:00.000000','2021-09-01 20:00:00.000000',6,2021,2022,NULL,'MIDDLE','TERM1',6,17,58,'2021-10-15'),(446,'2021-09-01 20:00:00.000000','2021-09-01 20:00:00.000000',5,2021,2022,NULL,'FINAL','TERM1',6,17,58,'2021-12-29'),(447,'2021-09-01 20:00:00.000000','2021-09-01 20:00:00.000000',9,2021,2022,NULL,'ASSIGNMENT','TERM1',7,17,58,'2021-10-20'),(448,'2021-09-01 20:00:00.000000','2021-09-01 20:00:00.000000',9,2021,2022,NULL,'MIDDLE','TERM1',7,17,58,'2021-10-15'),(449,'2021-09-01 20:00:00.000000','2021-09-01 20:00:00.000000',5,2021,2022,NULL,'FINAL','TERM1',7,17,58,'2021-12-29'),(450,'2021-09-01 20:00:00.000000','2021-09-01 20:00:00.000000',5,2021,2022,NULL,'ASSIGNMENT','TERM1',8,17,58,'2021-10-24'),(451,'2021-09-01 20:00:00.000000','2021-09-01 20:00:00.000000',7,2021,2022,NULL,'MIDDLE','TERM1',8,17,58,'2021-10-15'),(452,'2021-09-01 20:00:00.000000','2021-09-01 20:00:00.000000',6,2021,2022,NULL,'FINAL','TERM1',8,17,58,'2021-12-29'),(453,'2021-09-01 20:00:00.000000','2021-09-01 20:00:00.000000',7,2021,2022,NULL,'ASSIGNMENT','TERM1',9,17,58,'2021-10-03'),(454,'2021-09-01 20:00:00.000000','2021-09-01 20:00:00.000000',8,2021,2022,NULL,'MIDDLE','TERM1',9,17,58,'2021-10-15'),(455,'2021-09-01 20:00:00.000000','2021-09-01 20:00:00.000000',5,2021,2022,NULL,'FINAL','TERM1',9,17,58,'2021-12-29'),(456,'2021-09-01 20:00:00.000000','2021-09-01 20:00:00.000000',8,2021,2022,NULL,'ASSIGNMENT','TERM1',10,17,58,'2021-10-01'),(457,'2021-09-01 20:00:00.000000','2021-09-01 20:00:00.000000',9,2021,2022,NULL,'MIDDLE','TERM1',10,17,58,'2021-10-15'),(458,'2021-09-01 20:00:00.000000','2021-09-01 20:00:00.000000',8,2021,2022,NULL,'FINAL','TERM1',10,17,58,'2021-12-29'),(459,'2021-09-01 20:00:00.000000','2021-09-01 20:00:00.000000',6,2021,2022,NULL,'ASSIGNMENT','TERM1',11,17,58,'2021-10-22'),(460,'2021-09-01 20:00:00.000000','2021-09-01 20:00:00.000000',9,2021,2022,NULL,'MIDDLE','TERM1',11,17,58,'2021-10-15'),(461,'2021-09-01 20:00:00.000000','2021-09-01 20:00:00.000000',9,2021,2022,NULL,'FINAL','TERM1',11,17,58,'2021-12-29'),(462,'2021-09-01 20:00:00.000000','2021-09-01 20:00:00.000000',5,2021,2022,NULL,'ASSIGNMENT','TERM1',12,17,58,'2021-10-20'),(463,'2021-09-01 20:00:00.000000','2021-09-01 20:00:00.000000',5,2021,2022,NULL,'MIDDLE','TERM1',12,17,58,'2021-10-15'),(464,'2021-09-01 20:00:00.000000','2021-09-01 20:00:00.000000',5,2021,2022,NULL,'FINAL','TERM1',12,17,58,'2021-12-29'),(465,'2021-09-01 20:00:00.000000','2021-09-01 20:00:00.000000',7,2021,2022,NULL,'ASSIGNMENT','TERM1',13,17,58,'2021-10-07'),(466,'2021-09-01 20:00:00.000000','2021-09-01 20:00:00.000000',7,2021,2022,NULL,'MIDDLE','TERM1',13,17,58,'2021-10-15'),(467,'2021-09-01 20:00:00.000000','2021-09-01 20:00:00.000000',6,2021,2022,NULL,'FINAL','TERM1',13,17,58,'2021-12-29'),(468,'2021-09-01 20:00:00.000000','2021-09-01 20:00:00.000000',8,2021,2022,NULL,'ASSIGNMENT','TERM1',14,17,58,'2021-10-02'),(469,'2021-09-01 20:00:00.000000','2021-09-01 20:00:00.000000',9,2021,2022,NULL,'MIDDLE','TERM1',14,17,58,'2021-10-15'),(470,'2021-09-01 20:00:00.000000','2021-09-01 20:00:00.000000',8,2021,2022,NULL,'FINAL','TERM1',14,17,58,'2021-12-29'),(471,'2021-09-01 20:00:00.000000','2021-09-01 20:00:00.000000',6,2021,2022,NULL,'ASSIGNMENT','TERM1',15,17,58,'2021-10-16'),(472,'2021-09-01 20:00:00.000000','2021-09-01 20:00:00.000000',5,2021,2022,NULL,'MIDDLE','TERM1',15,17,58,'2021-10-15'),(473,'2021-09-01 20:00:00.000000','2021-09-01 20:00:00.000000',8,2021,2022,NULL,'FINAL','TERM1',15,17,58,'2021-12-29'),(474,'2021-09-01 20:00:00.000000','2021-09-01 20:00:00.000000',8,2021,2022,NULL,'ASSIGNMENT','TERM1',16,17,58,'2021-10-16'),(475,'2021-09-01 20:00:00.000000','2021-09-01 20:00:00.000000',6,2021,2022,NULL,'MIDDLE','TERM1',16,17,58,'2021-10-15'),(476,'2021-09-01 20:00:00.000000','2021-09-01 20:00:00.000000',6,2021,2022,NULL,'FINAL','TERM1',16,17,58,'2021-12-29'),(477,'2021-09-01 20:00:00.000000','2021-09-01 20:00:00.000000',8,2021,2022,NULL,'ASSIGNMENT','TERM1',17,17,58,'2021-10-04'),(478,'2021-09-01 20:00:00.000000','2021-09-01 20:00:00.000000',6,2021,2022,NULL,'MIDDLE','TERM1',17,17,58,'2021-10-15'),(479,'2021-09-01 20:00:00.000000','2021-09-01 20:00:00.000000',7,2021,2022,NULL,'FINAL','TERM1',17,17,58,'2021-12-29'),(480,'2021-09-01 20:00:00.000000','2021-09-01 20:00:00.000000',9,2021,2022,NULL,'ASSIGNMENT','TERM1',18,17,58,'2021-10-29'),(481,'2021-09-01 20:00:00.000000','2021-09-01 20:00:00.000000',7,2021,2022,NULL,'MIDDLE','TERM1',18,17,58,'2021-10-15'),(482,'2021-09-01 20:00:00.000000','2021-09-01 20:00:00.000000',6,2021,2022,NULL,'FINAL','TERM1',18,17,58,'2021-12-29'),(483,'2021-09-01 20:00:00.000000','2021-09-01 20:00:00.000000',7,2021,2022,NULL,'ASSIGNMENT','TERM1',19,17,58,'2021-10-16'),(484,'2021-09-01 20:00:00.000000','2021-09-01 20:00:00.000000',5,2021,2022,NULL,'MIDDLE','TERM1',19,17,58,'2021-10-15'),(485,'2021-09-01 20:00:00.000000','2021-09-01 20:00:00.000000',7,2021,2022,NULL,'FINAL','TERM1',19,17,58,'2021-12-29'),(486,'2021-09-01 20:00:00.000000','2021-09-01 20:00:00.000000',5,2021,2022,NULL,'ASSIGNMENT','TERM1',1,21,59,'2021-10-23'),(487,'2021-09-01 20:00:00.000000','2021-09-01 20:00:00.000000',6,2021,2022,NULL,'MIDDLE','TERM1',1,21,59,'2021-10-15'),(488,'2021-09-01 20:00:00.000000','2021-09-01 20:00:00.000000',6,2021,2022,NULL,'FINAL','TERM1',1,21,59,'2021-12-29'),(489,'2021-09-01 20:00:00.000000','2021-09-01 20:00:00.000000',8,2021,2022,NULL,'ASSIGNMENT','TERM1',2,21,59,'2021-10-06'),(490,'2021-09-01 20:00:00.000000','2021-09-01 20:00:00.000000',6,2021,2022,NULL,'MIDDLE','TERM1',2,21,59,'2021-10-15'),(491,'2021-09-01 20:00:00.000000','2021-09-01 20:00:00.000000',8,2021,2022,NULL,'FINAL','TERM1',2,21,59,'2021-12-29'),(492,'2021-09-01 20:00:00.000000','2021-09-01 20:00:00.000000',7,2021,2022,NULL,'ASSIGNMENT','TERM1',3,21,59,'2021-10-19'),(493,'2021-09-01 20:00:00.000000','2021-09-01 20:00:00.000000',5,2021,2022,NULL,'MIDDLE','TERM1',3,21,59,'2021-10-15'),(494,'2021-09-01 20:00:00.000000','2021-09-01 20:00:00.000000',7,2021,2022,NULL,'FINAL','TERM1',3,21,59,'2021-12-29'),(495,'2021-09-01 20:00:00.000000','2021-09-01 20:00:00.000000',9,2021,2022,NULL,'ASSIGNMENT','TERM1',4,21,59,'2021-10-18'),(496,'2021-09-01 20:00:00.000000','2021-09-01 20:00:00.000000',7,2021,2022,NULL,'MIDDLE','TERM1',4,21,59,'2021-10-15'),(497,'2021-09-01 20:00:00.000000','2021-09-01 20:00:00.000000',7,2021,2022,NULL,'FINAL','TERM1',4,21,59,'2021-12-29'),(498,'2021-09-01 20:00:00.000000','2021-09-01 20:00:00.000000',8,2021,2022,NULL,'ASSIGNMENT','TERM1',5,21,59,'2021-10-05'),(499,'2021-09-01 20:00:00.000000','2021-09-01 20:00:00.000000',6,2021,2022,NULL,'MIDDLE','TERM1',5,21,59,'2021-10-15'),(500,'2021-09-01 20:00:00.000000','2021-09-01 20:00:00.000000',5,2021,2022,NULL,'FINAL','TERM1',5,21,59,'2021-12-29'),(501,'2021-09-01 20:00:00.000000','2021-09-01 20:00:00.000000',8,2021,2022,NULL,'ASSIGNMENT','TERM1',6,21,59,'2021-10-28'),(502,'2021-09-01 20:00:00.000000','2021-09-01 20:00:00.000000',9,2021,2022,NULL,'MIDDLE','TERM1',6,21,59,'2021-10-15'),(503,'2021-09-01 20:00:00.000000','2021-09-01 20:00:00.000000',5,2021,2022,NULL,'FINAL','TERM1',6,21,59,'2021-12-29'),(504,'2021-09-01 20:00:00.000000','2021-09-01 20:00:00.000000',6,2021,2022,NULL,'ASSIGNMENT','TERM1',7,21,59,'2021-10-09'),(505,'2021-09-01 20:00:00.000000','2021-09-01 20:00:00.000000',6,2021,2022,NULL,'MIDDLE','TERM1',7,21,59,'2021-10-15'),(506,'2021-09-01 20:00:00.000000','2021-09-01 20:00:00.000000',6,2021,2022,NULL,'FINAL','TERM1',7,21,59,'2021-12-29'),(507,'2021-09-01 20:00:00.000000','2021-09-01 20:00:00.000000',7,2021,2022,NULL,'ASSIGNMENT','TERM1',8,21,59,'2021-10-17'),(508,'2021-09-01 20:00:00.000000','2021-09-01 20:00:00.000000',5,2021,2022,NULL,'MIDDLE','TERM1',8,21,59,'2021-10-15'),(509,'2021-09-01 20:00:00.000000','2021-09-01 20:00:00.000000',6,2021,2022,NULL,'FINAL','TERM1',8,21,59,'2021-12-29'),(510,'2021-09-01 20:00:00.000000','2021-09-01 20:00:00.000000',7,2021,2022,NULL,'ASSIGNMENT','TERM1',9,21,59,'2021-10-01'),(511,'2021-09-01 20:00:00.000000','2021-09-01 20:00:00.000000',9,2021,2022,NULL,'MIDDLE','TERM1',9,21,59,'2021-10-15'),(512,'2021-09-01 20:00:00.000000','2021-09-01 20:00:00.000000',8,2021,2022,NULL,'FINAL','TERM1',9,21,59,'2021-12-29'),(513,'2021-09-01 20:00:00.000000','2021-09-01 20:00:00.000000',8,2021,2022,NULL,'ASSIGNMENT','TERM1',10,21,59,'2021-10-10'),(514,'2021-09-01 20:00:00.000000','2021-09-01 20:00:00.000000',7,2021,2022,NULL,'MIDDLE','TERM1',10,21,59,'2021-10-15'),(515,'2021-09-01 20:00:00.000000','2021-09-01 20:00:00.000000',6,2021,2022,NULL,'FINAL','TERM1',10,21,59,'2021-12-29'),(516,'2021-09-01 20:00:00.000000','2021-09-01 20:00:00.000000',5,2021,2022,NULL,'ASSIGNMENT','TERM1',11,21,59,'2021-10-18'),(517,'2021-09-01 20:00:00.000000','2021-09-01 20:00:00.000000',9,2021,2022,NULL,'MIDDLE','TERM1',11,21,59,'2021-10-15'),(518,'2021-09-01 20:00:00.000000','2021-09-01 20:00:00.000000',5,2021,2022,NULL,'FINAL','TERM1',11,21,59,'2021-12-29'),(519,'2021-09-01 20:00:00.000000','2021-09-01 20:00:00.000000',7,2021,2022,NULL,'ASSIGNMENT','TERM1',12,21,59,'2021-10-29'),(520,'2021-09-01 20:00:00.000000','2021-09-01 20:00:00.000000',8,2021,2022,NULL,'MIDDLE','TERM1',12,21,59,'2021-10-15'),(521,'2021-09-01 20:00:00.000000','2021-09-01 20:00:00.000000',7,2021,2022,NULL,'FINAL','TERM1',12,21,59,'2021-12-29'),(522,'2021-09-01 20:00:00.000000','2021-09-01 20:00:00.000000',6,2021,2022,NULL,'ASSIGNMENT','TERM1',13,21,59,'2021-10-05'),(523,'2021-09-01 20:00:00.000000','2021-09-01 20:00:00.000000',7,2021,2022,NULL,'MIDDLE','TERM1',13,21,59,'2021-10-15'),(524,'2021-09-01 20:00:00.000000','2021-09-01 20:00:00.000000',5,2021,2022,NULL,'FINAL','TERM1',13,21,59,'2021-12-29'),(525,'2021-09-01 20:00:00.000000','2021-09-01 20:00:00.000000',9,2021,2022,NULL,'ASSIGNMENT','TERM1',14,21,59,'2021-10-23'),(526,'2021-09-01 20:00:00.000000','2021-09-01 20:00:00.000000',7,2021,2022,NULL,'MIDDLE','TERM1',14,21,59,'2021-10-15'),(527,'2021-09-01 20:00:00.000000','2021-09-01 20:00:00.000000',6,2021,2022,NULL,'FINAL','TERM1',14,21,59,'2021-12-29'),(528,'2021-09-01 20:00:00.000000','2021-09-01 20:00:00.000000',8,2021,2022,NULL,'ASSIGNMENT','TERM1',15,21,59,'2021-10-13'),(529,'2021-09-01 20:00:00.000000','2021-09-01 20:00:00.000000',9,2021,2022,NULL,'MIDDLE','TERM1',15,21,59,'2021-10-15'),(530,'2021-09-01 20:00:00.000000','2021-09-01 20:00:00.000000',8,2021,2022,NULL,'FINAL','TERM1',15,21,59,'2021-12-29'),(531,'2021-09-01 20:00:00.000000','2021-09-01 20:00:00.000000',8,2021,2022,NULL,'ASSIGNMENT','TERM1',16,21,59,'2021-10-27'),(532,'2021-09-01 20:00:00.000000','2021-09-01 20:00:00.000000',9,2021,2022,NULL,'MIDDLE','TERM1',16,21,59,'2021-10-15'),(533,'2021-09-01 20:00:00.000000','2021-09-01 20:00:00.000000',9,2021,2022,NULL,'FINAL','TERM1',16,21,59,'2021-12-29'),(534,'2021-09-01 20:00:00.000000','2021-09-01 20:00:00.000000',5,2021,2022,NULL,'ASSIGNMENT','TERM1',17,21,59,'2021-10-05'),(535,'2021-09-01 20:00:00.000000','2021-09-01 20:00:00.000000',8,2021,2022,NULL,'MIDDLE','TERM1',17,21,59,'2021-10-15'),(536,'2021-09-01 20:00:00.000000','2021-09-01 20:00:00.000000',6,2021,2022,NULL,'FINAL','TERM1',17,21,59,'2021-12-29'),(537,'2021-09-01 20:00:00.000000','2021-09-01 20:00:00.000000',6,2021,2022,NULL,'ASSIGNMENT','TERM1',18,21,59,'2021-10-05'),(538,'2021-09-01 20:00:00.000000','2021-09-01 20:00:00.000000',6,2021,2022,NULL,'MIDDLE','TERM1',18,21,59,'2021-10-15'),(539,'2021-09-01 20:00:00.000000','2021-09-01 20:00:00.000000',6,2021,2022,NULL,'FINAL','TERM1',18,21,59,'2021-12-29'),(540,'2021-09-01 20:00:00.000000','2021-09-01 20:00:00.000000',9,2021,2022,NULL,'ASSIGNMENT','TERM1',19,21,59,'2021-10-08'),(541,'2021-09-01 20:00:00.000000','2021-09-01 20:00:00.000000',5,2021,2022,NULL,'MIDDLE','TERM1',19,21,59,'2021-10-15'),(542,'2021-09-01 20:00:00.000000','2021-09-01 20:00:00.000000',8,2021,2022,NULL,'FINAL','TERM1',19,21,59,'2021-12-29'),(543,'2021-09-01 20:00:00.000000','2021-09-01 20:00:00.000000',5,2021,2022,NULL,'ASSIGNMENT','TERM1',1,25,60,'2021-10-22'),(544,'2021-09-01 20:00:00.000000','2021-09-01 20:00:00.000000',5,2021,2022,NULL,'MIDDLE','TERM1',1,25,60,'2021-10-15'),(545,'2021-09-01 20:00:00.000000','2021-09-01 20:00:00.000000',8,2021,2022,NULL,'FINAL','TERM1',1,25,60,'2021-12-29'),(546,'2021-09-01 20:00:00.000000','2021-09-01 20:00:00.000000',5,2021,2022,NULL,'ASSIGNMENT','TERM1',2,25,60,'2021-10-02'),(547,'2021-09-01 20:00:00.000000','2021-09-01 20:00:00.000000',5,2021,2022,NULL,'MIDDLE','TERM1',2,25,60,'2021-10-15'),(548,'2021-09-01 20:00:00.000000','2021-09-01 20:00:00.000000',5,2021,2022,NULL,'FINAL','TERM1',2,25,60,'2021-12-29'),(549,'2021-09-01 20:00:00.000000','2021-09-01 20:00:00.000000',8,2021,2022,NULL,'ASSIGNMENT','TERM1',3,25,60,'2021-10-29'),(550,'2021-09-01 20:00:00.000000','2021-09-01 20:00:00.000000',5,2021,2022,NULL,'MIDDLE','TERM1',3,25,60,'2021-10-15'),(551,'2021-09-01 20:00:00.000000','2021-09-01 20:00:00.000000',5,2021,2022,NULL,'FINAL','TERM1',3,25,60,'2021-12-29'),(552,'2021-09-01 20:00:00.000000','2021-09-01 20:00:00.000000',7,2021,2022,NULL,'ASSIGNMENT','TERM1',4,25,60,'2021-10-22'),(553,'2021-09-01 20:00:00.000000','2021-09-01 20:00:00.000000',5,2021,2022,NULL,'MIDDLE','TERM1',4,25,60,'2021-10-15'),(554,'2021-09-01 20:00:00.000000','2021-09-01 20:00:00.000000',5,2021,2022,NULL,'FINAL','TERM1',4,25,60,'2021-12-29'),(555,'2021-09-01 20:00:00.000000','2021-09-01 20:00:00.000000',9,2021,2022,NULL,'ASSIGNMENT','TERM1',5,25,60,'2021-10-21'),(556,'2021-09-01 20:00:00.000000','2021-09-01 20:00:00.000000',6,2021,2022,NULL,'MIDDLE','TERM1',5,25,60,'2021-10-15'),(557,'2021-09-01 20:00:00.000000','2021-09-01 20:00:00.000000',7,2021,2022,NULL,'FINAL','TERM1',5,25,60,'2021-12-29'),(558,'2021-09-01 20:00:00.000000','2021-09-01 20:00:00.000000',9,2021,2022,NULL,'ASSIGNMENT','TERM1',6,25,60,'2021-10-13'),(559,'2021-09-01 20:00:00.000000','2021-09-01 20:00:00.000000',8,2021,2022,NULL,'MIDDLE','TERM1',6,25,60,'2021-10-15'),(560,'2021-09-01 20:00:00.000000','2021-09-01 20:00:00.000000',6,2021,2022,NULL,'FINAL','TERM1',6,25,60,'2021-12-29'),(561,'2021-09-01 20:00:00.000000','2021-09-01 20:00:00.000000',5,2021,2022,NULL,'ASSIGNMENT','TERM1',7,25,60,'2021-10-29'),(562,'2021-09-01 20:00:00.000000','2021-09-01 20:00:00.000000',5,2021,2022,NULL,'MIDDLE','TERM1',7,25,60,'2021-10-15'),(563,'2021-09-01 20:00:00.000000','2021-09-01 20:00:00.000000',8,2021,2022,NULL,'FINAL','TERM1',7,25,60,'2021-12-29'),(564,'2021-09-01 20:00:00.000000','2021-09-01 20:00:00.000000',6,2021,2022,NULL,'ASSIGNMENT','TERM1',8,25,60,'2021-10-18'),(565,'2021-09-01 20:00:00.000000','2021-09-01 20:00:00.000000',5,2021,2022,NULL,'MIDDLE','TERM1',8,25,60,'2021-10-15'),(566,'2021-09-01 20:00:00.000000','2021-09-01 20:00:00.000000',8,2021,2022,NULL,'FINAL','TERM1',8,25,60,'2021-12-29'),(567,'2021-09-01 20:00:00.000000','2021-09-01 20:00:00.000000',7,2021,2022,NULL,'ASSIGNMENT','TERM1',9,25,60,'2021-10-01'),(568,'2021-09-01 20:00:00.000000','2021-09-01 20:00:00.000000',5,2021,2022,NULL,'MIDDLE','TERM1',9,25,60,'2021-10-15'),(569,'2021-09-01 20:00:00.000000','2021-09-01 20:00:00.000000',5,2021,2022,NULL,'FINAL','TERM1',9,25,60,'2021-12-29'),(570,'2021-09-01 20:00:00.000000','2021-09-01 20:00:00.000000',9,2021,2022,NULL,'ASSIGNMENT','TERM1',10,25,60,'2021-10-10'),(571,'2021-09-01 20:00:00.000000','2021-09-01 20:00:00.000000',8,2021,2022,NULL,'MIDDLE','TERM1',10,25,60,'2021-10-15'),(572,'2021-09-01 20:00:00.000000','2021-09-01 20:00:00.000000',7,2021,2022,NULL,'FINAL','TERM1',10,25,60,'2021-12-29'),(573,'2021-09-01 20:00:00.000000','2021-09-01 20:00:00.000000',7,2021,2022,NULL,'ASSIGNMENT','TERM1',11,25,60,'2021-10-16'),(574,'2021-09-01 20:00:00.000000','2021-09-01 20:00:00.000000',7,2021,2022,NULL,'MIDDLE','TERM1',11,25,60,'2021-10-15'),(575,'2021-09-01 20:00:00.000000','2021-09-01 20:00:00.000000',8,2021,2022,NULL,'FINAL','TERM1',11,25,60,'2021-12-29'),(576,'2021-09-01 20:00:00.000000','2021-09-01 20:00:00.000000',7,2021,2022,NULL,'ASSIGNMENT','TERM1',12,25,60,'2021-10-20'),(577,'2021-09-01 20:00:00.000000','2021-09-01 20:00:00.000000',5,2021,2022,NULL,'MIDDLE','TERM1',12,25,60,'2021-10-15'),(578,'2021-09-01 20:00:00.000000','2021-09-01 20:00:00.000000',8,2021,2022,NULL,'FINAL','TERM1',12,25,60,'2021-12-29'),(579,'2021-09-01 20:00:00.000000','2021-09-01 20:00:00.000000',8,2021,2022,NULL,'ASSIGNMENT','TERM1',13,25,60,'2021-10-25'),(580,'2021-09-01 20:00:00.000000','2021-09-01 20:00:00.000000',5,2021,2022,NULL,'MIDDLE','TERM1',13,25,60,'2021-10-15'),(581,'2021-09-01 20:00:00.000000','2021-09-01 20:00:00.000000',9,2021,2022,NULL,'FINAL','TERM1',13,25,60,'2021-12-29'),(582,'2021-09-01 20:00:00.000000','2021-09-01 20:00:00.000000',5,2021,2022,NULL,'ASSIGNMENT','TERM1',14,25,60,'2021-10-07'),(583,'2021-09-01 20:00:00.000000','2021-09-01 20:00:00.000000',8,2021,2022,NULL,'MIDDLE','TERM1',14,25,60,'2021-10-15'),(584,'2021-09-01 20:00:00.000000','2021-09-01 20:00:00.000000',7,2021,2022,NULL,'FINAL','TERM1',14,25,60,'2021-12-29'),(585,'2021-09-01 20:00:00.000000','2021-09-01 20:00:00.000000',7,2021,2022,NULL,'ASSIGNMENT','TERM1',15,25,60,'2021-10-16'),(586,'2021-09-01 20:00:00.000000','2021-09-01 20:00:00.000000',7,2021,2022,NULL,'MIDDLE','TERM1',15,25,60,'2021-10-15'),(587,'2021-09-01 20:00:00.000000','2021-09-01 20:00:00.000000',7,2021,2022,NULL,'FINAL','TERM1',15,25,60,'2021-12-29'),(588,'2021-09-01 20:00:00.000000','2021-09-01 20:00:00.000000',7,2021,2022,NULL,'ASSIGNMENT','TERM1',16,25,60,'2021-10-28'),(589,'2021-09-01 20:00:00.000000','2021-09-01 20:00:00.000000',9,2021,2022,NULL,'MIDDLE','TERM1',16,25,60,'2021-10-15'),(590,'2021-09-01 20:00:00.000000','2021-09-01 20:00:00.000000',9,2021,2022,NULL,'FINAL','TERM1',16,25,60,'2021-12-29'),(591,'2021-09-01 20:00:00.000000','2021-09-01 20:00:00.000000',9,2021,2022,NULL,'ASSIGNMENT','TERM1',17,25,60,'2021-10-07'),(592,'2021-09-01 20:00:00.000000','2021-09-01 20:00:00.000000',6,2021,2022,NULL,'MIDDLE','TERM1',17,25,60,'2021-10-15'),(593,'2021-09-01 20:00:00.000000','2021-09-01 20:00:00.000000',7,2021,2022,NULL,'FINAL','TERM1',17,25,60,'2021-12-29'),(594,'2021-09-01 20:00:00.000000','2021-09-01 20:00:00.000000',6,2021,2022,NULL,'ASSIGNMENT','TERM1',18,25,60,'2021-10-08'),(595,'2021-09-01 20:00:00.000000','2021-09-01 20:00:00.000000',5,2021,2022,NULL,'MIDDLE','TERM1',18,25,60,'2021-10-15'),(596,'2021-09-01 20:00:00.000000','2021-09-01 20:00:00.000000',9,2021,2022,NULL,'FINAL','TERM1',18,25,60,'2021-12-29'),(597,'2021-09-01 20:00:00.000000','2021-09-01 20:00:00.000000',6,2021,2022,NULL,'ASSIGNMENT','TERM1',19,25,60,'2021-10-19'),(598,'2021-09-01 20:00:00.000000','2021-09-01 20:00:00.000000',6,2021,2022,NULL,'MIDDLE','TERM1',19,25,60,'2021-10-15'),(599,'2021-09-01 20:00:00.000000','2021-09-01 20:00:00.000000',8,2021,2022,NULL,'FINAL','TERM1',19,25,60,'2021-12-29'),(600,'2021-09-01 20:00:00.000000','2021-09-01 20:00:00.000000',8,2021,2022,NULL,'ASSIGNMENT','TERM1',1,29,61,'2021-10-14'),(601,'2021-09-01 20:00:00.000000','2021-09-01 20:00:00.000000',8,2021,2022,NULL,'MIDDLE','TERM1',1,29,61,'2021-10-15'),(602,'2021-09-01 20:00:00.000000','2021-09-01 20:00:00.000000',9,2021,2022,NULL,'FINAL','TERM1',1,29,61,'2021-12-29'),(603,'2021-09-01 20:00:00.000000','2021-09-01 20:00:00.000000',8,2021,2022,NULL,'ASSIGNMENT','TERM1',2,29,61,'2021-10-10'),(604,'2021-09-01 20:00:00.000000','2021-09-01 20:00:00.000000',7,2021,2022,NULL,'MIDDLE','TERM1',2,29,61,'2021-10-15'),(605,'2021-09-01 20:00:00.000000','2021-09-01 20:00:00.000000',6,2021,2022,NULL,'FINAL','TERM1',2,29,61,'2021-12-29'),(606,'2021-09-01 20:00:00.000000','2021-09-01 20:00:00.000000',6,2021,2022,NULL,'ASSIGNMENT','TERM1',3,29,61,'2021-10-06'),(607,'2021-09-01 20:00:00.000000','2021-09-01 20:00:00.000000',6,2021,2022,NULL,'MIDDLE','TERM1',3,29,61,'2021-10-15'),(608,'2021-09-01 20:00:00.000000','2021-09-01 20:00:00.000000',8,2021,2022,NULL,'FINAL','TERM1',3,29,61,'2021-12-29'),(609,'2021-09-01 20:00:00.000000','2021-09-01 20:00:00.000000',7,2021,2022,NULL,'ASSIGNMENT','TERM1',4,29,61,'2021-10-03'),(610,'2021-09-01 20:00:00.000000','2021-09-01 20:00:00.000000',6,2021,2022,NULL,'MIDDLE','TERM1',4,29,61,'2021-10-15'),(611,'2021-09-01 20:00:00.000000','2021-09-01 20:00:00.000000',6,2021,2022,NULL,'FINAL','TERM1',4,29,61,'2021-12-29'),(612,'2021-09-01 20:00:00.000000','2021-09-01 20:00:00.000000',7,2021,2022,NULL,'ASSIGNMENT','TERM1',5,29,61,'2021-10-23'),(613,'2021-09-01 20:00:00.000000','2021-09-01 20:00:00.000000',7,2021,2022,NULL,'MIDDLE','TERM1',5,29,61,'2021-10-15'),(614,'2021-09-01 20:00:00.000000','2021-09-01 20:00:00.000000',9,2021,2022,NULL,'FINAL','TERM1',5,29,61,'2021-12-29'),(615,'2021-09-01 20:00:00.000000','2021-09-01 20:00:00.000000',5,2021,2022,NULL,'ASSIGNMENT','TERM1',6,29,61,'2021-10-19'),(616,'2021-09-01 20:00:00.000000','2021-09-01 20:00:00.000000',5,2021,2022,NULL,'MIDDLE','TERM1',6,29,61,'2021-10-15'),(617,'2021-09-01 20:00:00.000000','2021-09-01 20:00:00.000000',8,2021,2022,NULL,'FINAL','TERM1',6,29,61,'2021-12-29'),(618,'2021-09-01 20:00:00.000000','2021-09-01 20:00:00.000000',5,2021,2022,NULL,'ASSIGNMENT','TERM1',7,29,61,'2021-10-26'),(619,'2021-09-01 20:00:00.000000','2021-09-01 20:00:00.000000',5,2021,2022,NULL,'MIDDLE','TERM1',7,29,61,'2021-10-15'),(620,'2021-09-01 20:00:00.000000','2021-09-01 20:00:00.000000',9,2021,2022,NULL,'FINAL','TERM1',7,29,61,'2021-12-29'),(621,'2021-09-01 20:00:00.000000','2021-09-01 20:00:00.000000',5,2021,2022,NULL,'ASSIGNMENT','TERM1',8,29,61,'2021-10-14'),(622,'2021-09-01 20:00:00.000000','2021-09-01 20:00:00.000000',8,2021,2022,NULL,'MIDDLE','TERM1',8,29,61,'2021-10-15'),(623,'2021-09-01 20:00:00.000000','2021-09-01 20:00:00.000000',9,2021,2022,NULL,'FINAL','TERM1',8,29,61,'2021-12-29'),(624,'2021-09-01 20:00:00.000000','2021-09-01 20:00:00.000000',8,2021,2022,NULL,'ASSIGNMENT','TERM1',9,29,61,'2021-10-20'),(625,'2021-09-01 20:00:00.000000','2021-09-01 20:00:00.000000',7,2021,2022,NULL,'MIDDLE','TERM1',9,29,61,'2021-10-15'),(626,'2021-09-01 20:00:00.000000','2021-09-01 20:00:00.000000',9,2021,2022,NULL,'FINAL','TERM1',9,29,61,'2021-12-29'),(627,'2021-09-01 20:00:00.000000','2021-09-01 20:00:00.000000',7,2021,2022,NULL,'ASSIGNMENT','TERM1',10,29,61,'2021-10-27'),(628,'2021-09-01 20:00:00.000000','2021-09-01 20:00:00.000000',5,2021,2022,NULL,'MIDDLE','TERM1',10,29,61,'2021-10-15'),(629,'2021-09-01 20:00:00.000000','2021-09-01 20:00:00.000000',8,2021,2022,NULL,'FINAL','TERM1',10,29,61,'2021-12-29'),(630,'2021-09-01 20:00:00.000000','2021-09-01 20:00:00.000000',6,2021,2022,NULL,'ASSIGNMENT','TERM1',11,29,61,'2021-10-18'),(631,'2021-09-01 20:00:00.000000','2021-09-01 20:00:00.000000',8,2021,2022,NULL,'MIDDLE','TERM1',11,29,61,'2021-10-15'),(632,'2021-09-01 20:00:00.000000','2021-09-01 20:00:00.000000',6,2021,2022,NULL,'FINAL','TERM1',11,29,61,'2021-12-29'),(633,'2021-09-01 20:00:00.000000','2021-09-01 20:00:00.000000',8,2021,2022,NULL,'ASSIGNMENT','TERM1',12,29,61,'2021-10-10'),(634,'2021-09-01 20:00:00.000000','2021-09-01 20:00:00.000000',5,2021,2022,NULL,'MIDDLE','TERM1',12,29,61,'2021-10-15'),(635,'2021-09-01 20:00:00.000000','2021-09-01 20:00:00.000000',8,2021,2022,NULL,'FINAL','TERM1',12,29,61,'2021-12-29'),(636,'2021-09-01 20:00:00.000000','2021-09-01 20:00:00.000000',9,2021,2022,NULL,'ASSIGNMENT','TERM1',13,29,61,'2021-10-23'),(637,'2021-09-01 20:00:00.000000','2021-09-01 20:00:00.000000',6,2021,2022,NULL,'MIDDLE','TERM1',13,29,61,'2021-10-15'),(638,'2021-09-01 20:00:00.000000','2021-09-01 20:00:00.000000',8,2021,2022,NULL,'FINAL','TERM1',13,29,61,'2021-12-29'),(639,'2021-09-01 20:00:00.000000','2021-09-01 20:00:00.000000',7,2021,2022,NULL,'ASSIGNMENT','TERM1',14,29,61,'2021-10-25'),(640,'2021-09-01 20:00:00.000000','2021-09-01 20:00:00.000000',9,2021,2022,NULL,'MIDDLE','TERM1',14,29,61,'2021-10-15'),(641,'2021-09-01 20:00:00.000000','2021-09-01 20:00:00.000000',5,2021,2022,NULL,'FINAL','TERM1',14,29,61,'2021-12-29'),(642,'2021-09-01 20:00:00.000000','2021-09-01 20:00:00.000000',8,2021,2022,NULL,'ASSIGNMENT','TERM1',15,29,61,'2021-10-29'),(643,'2021-09-01 20:00:00.000000','2021-09-01 20:00:00.000000',9,2021,2022,NULL,'MIDDLE','TERM1',15,29,61,'2021-10-15'),(644,'2021-09-01 20:00:00.000000','2021-09-01 20:00:00.000000',6,2021,2022,NULL,'FINAL','TERM1',15,29,61,'2021-12-29'),(645,'2021-09-01 20:00:00.000000','2021-09-01 20:00:00.000000',5,2021,2022,NULL,'ASSIGNMENT','TERM1',16,29,61,'2021-10-10'),(646,'2021-09-01 20:00:00.000000','2021-09-01 20:00:00.000000',9,2021,2022,NULL,'MIDDLE','TERM1',16,29,61,'2021-10-15'),(647,'2021-09-01 20:00:00.000000','2021-09-01 20:00:00.000000',5,2021,2022,NULL,'FINAL','TERM1',16,29,61,'2021-12-29'),(648,'2021-09-01 20:00:00.000000','2021-09-01 20:00:00.000000',7,2021,2022,NULL,'ASSIGNMENT','TERM1',17,29,61,'2021-10-23'),(649,'2021-09-01 20:00:00.000000','2021-09-01 20:00:00.000000',6,2021,2022,NULL,'MIDDLE','TERM1',17,29,61,'2021-10-15'),(650,'2021-09-01 20:00:00.000000','2021-09-01 20:00:00.000000',9,2021,2022,NULL,'FINAL','TERM1',17,29,61,'2021-12-29'),(651,'2021-09-01 20:00:00.000000','2021-09-01 20:00:00.000000',9,2021,2022,NULL,'ASSIGNMENT','TERM1',18,29,61,'2021-10-25'),(652,'2021-09-01 20:00:00.000000','2021-09-01 20:00:00.000000',5,2021,2022,NULL,'MIDDLE','TERM1',18,29,61,'2021-10-15'),(653,'2021-09-01 20:00:00.000000','2021-09-01 20:00:00.000000',6,2021,2022,NULL,'FINAL','TERM1',18,29,61,'2021-12-29'),(654,'2021-09-01 20:00:00.000000','2021-09-01 20:00:00.000000',6,2021,2022,NULL,'ASSIGNMENT','TERM1',19,29,61,'2021-10-28'),(655,'2021-09-01 20:00:00.000000','2021-09-01 20:00:00.000000',6,2021,2022,NULL,'MIDDLE','TERM1',19,29,61,'2021-10-15'),(656,'2021-09-01 20:00:00.000000','2021-09-01 20:00:00.000000',7,2021,2022,NULL,'FINAL','TERM1',19,29,61,'2021-12-29'),(657,'2021-09-01 20:00:00.000000','2021-09-01 20:00:00.000000',8,2021,2022,NULL,'ASSIGNMENT','TERM2',1,5,55,'2022-03-20'),(658,'2021-09-01 20:00:00.000000','2021-09-01 20:00:00.000000',9,2021,2022,NULL,'MIDDLE','TERM2',1,5,55,'2022-04-14'),(660,'2021-09-01 20:00:00.000000','2021-09-01 20:00:00.000000',8,2021,2022,NULL,'ASSIGNMENT','TERM2',1,9,56,'2022-03-16'),(661,'2021-09-01 20:00:00.000000','2021-09-01 20:00:00.000000',5,2021,2022,NULL,'MIDDLE','TERM2',1,9,56,'2022-04-14'),(663,'2021-09-01 20:00:00.000000','2021-09-01 20:00:00.000000',8,2021,2022,NULL,'ASSIGNMENT','TERM2',1,13,57,'2022-03-22'),(664,'2021-09-01 20:00:00.000000','2021-09-01 20:00:00.000000',8,2021,2022,NULL,'MIDDLE','TERM2',1,13,57,'2022-04-14'),(666,'2021-09-01 20:00:00.000000','2021-09-01 20:00:00.000000',7,2021,2022,NULL,'ASSIGNMENT','TERM2',1,17,58,'2022-03-29'),(667,'2021-09-01 20:00:00.000000','2021-09-01 20:00:00.000000',7,2021,2022,NULL,'MIDDLE','TERM2',1,17,58,'2022-04-14'),(669,'2021-09-01 20:00:00.000000','2021-09-01 20:00:00.000000',8,2021,2022,NULL,'ASSIGNMENT','TERM2',1,21,59,'2022-03-21'),(670,'2021-09-01 20:00:00.000000','2021-09-01 20:00:00.000000',9,2021,2022,NULL,'MIDDLE','TERM2',1,21,59,'2022-04-14'),(672,'2021-09-01 20:00:00.000000','2021-09-01 20:00:00.000000',9,2021,2022,NULL,'ASSIGNMENT','TERM2',1,25,60,'2022-03-17'),(673,'2021-09-01 20:00:00.000000','2021-09-01 20:00:00.000000',6,2021,2022,NULL,'MIDDLE','TERM2',1,25,60,'2022-04-14'),(675,'2021-09-01 20:00:00.000000','2021-09-01 20:00:00.000000',8,2021,2022,NULL,'ASSIGNMENT','TERM2',1,29,61,'2022-03-22'),(676,'2021-09-01 20:00:00.000000','2021-09-01 20:00:00.000000',9,2021,2022,NULL,'MIDDLE','TERM2',1,29,61,'2022-04-14'),(678,'2021-09-01 20:00:00.000000','2021-09-01 20:00:00.000000',8,2021,2022,NULL,'ASSIGNMENT','TERM2',2,5,55,'2022-03-03'),(679,'2021-09-01 20:00:00.000000','2021-09-01 20:00:00.000000',7,2021,2022,NULL,'MIDDLE','TERM2',2,5,55,'2022-04-14'),(681,'2021-09-01 20:00:00.000000','2021-09-01 20:00:00.000000',8,2021,2022,NULL,'ASSIGNMENT','TERM2',2,9,56,'2022-03-04'),(682,'2021-09-01 20:00:00.000000','2021-09-01 20:00:00.000000',5,2021,2022,NULL,'MIDDLE','TERM2',2,9,56,'2022-04-14'),(684,'2021-09-01 20:00:00.000000','2021-09-01 20:00:00.000000',8,2021,2022,NULL,'ASSIGNMENT','TERM2',2,13,57,'2022-03-11'),(685,'2021-09-01 20:00:00.000000','2021-09-01 20:00:00.000000',8,2021,2022,NULL,'MIDDLE','TERM2',2,13,57,'2022-04-14'),(687,'2021-09-01 20:00:00.000000','2021-09-01 20:00:00.000000',6,2021,2022,NULL,'ASSIGNMENT','TERM2',2,17,58,'2022-03-15'),(688,'2021-09-01 20:00:00.000000','2021-09-01 20:00:00.000000',8,2021,2022,NULL,'MIDDLE','TERM2',2,17,58,'2022-04-14'),(690,'2021-09-01 20:00:00.000000','2021-09-01 20:00:00.000000',9,2021,2022,NULL,'ASSIGNMENT','TERM2',2,21,59,'2022-03-09'),(691,'2021-09-01 20:00:00.000000','2021-09-01 20:00:00.000000',9,2021,2022,NULL,'MIDDLE','TERM2',2,21,59,'2022-04-14'),(693,'2021-09-01 20:00:00.000000','2021-09-01 20:00:00.000000',6,2021,2022,NULL,'ASSIGNMENT','TERM2',2,25,60,'2022-03-03'),(694,'2021-09-01 20:00:00.000000','2021-09-01 20:00:00.000000',6,2021,2022,NULL,'MIDDLE','TERM2',2,25,60,'2022-04-14'),(696,'2021-09-01 20:00:00.000000','2021-09-01 20:00:00.000000',8,2021,2022,NULL,'ASSIGNMENT','TERM2',2,29,61,'2022-03-15'),(697,'2021-09-01 20:00:00.000000','2021-09-01 20:00:00.000000',9,2021,2022,NULL,'MIDDLE','TERM2',2,29,61,'2022-04-14'),(699,'2021-09-01 20:00:00.000000','2021-09-01 20:00:00.000000',9,2021,2022,NULL,'ASSIGNMENT','TERM2',3,5,55,'2022-03-10'),(700,'2021-09-01 20:00:00.000000','2021-09-01 20:00:00.000000',7,2021,2022,NULL,'MIDDLE','TERM2',3,5,55,'2022-04-14'),(702,'2021-09-01 20:00:00.000000','2021-09-01 20:00:00.000000',6,2021,2022,NULL,'ASSIGNMENT','TERM2',3,9,56,'2022-03-01'),(703,'2021-09-01 20:00:00.000000','2021-09-01 20:00:00.000000',5,2021,2022,NULL,'MIDDLE','TERM2',3,9,56,'2022-04-14'),(705,'2021-09-01 20:00:00.000000','2021-09-01 20:00:00.000000',9,2021,2022,NULL,'ASSIGNMENT','TERM2',3,13,57,'2022-03-05'),(706,'2021-09-01 20:00:00.000000','2021-09-01 20:00:00.000000',7,2021,2022,NULL,'MIDDLE','TERM2',3,13,57,'2022-04-14'),(708,'2021-09-01 20:00:00.000000','2021-09-01 20:00:00.000000',6,2021,2022,NULL,'ASSIGNMENT','TERM2',3,17,58,'2022-03-22'),(709,'2021-09-01 20:00:00.000000','2021-09-01 20:00:00.000000',7,2021,2022,NULL,'MIDDLE','TERM2',3,17,58,'2022-04-14'),(711,'2021-09-01 20:00:00.000000','2021-09-01 20:00:00.000000',5,2021,2022,NULL,'ASSIGNMENT','TERM2',3,21,59,'2022-03-06'),(712,'2021-09-01 20:00:00.000000','2021-09-01 20:00:00.000000',5,2021,2022,NULL,'MIDDLE','TERM2',3,21,59,'2022-04-14'),(714,'2021-09-01 20:00:00.000000','2021-09-01 20:00:00.000000',6,2021,2022,NULL,'ASSIGNMENT','TERM2',3,25,60,'2022-03-24'),(715,'2021-09-01 20:00:00.000000','2021-09-01 20:00:00.000000',7,2021,2022,NULL,'MIDDLE','TERM2',3,25,60,'2022-04-14'),(717,'2021-09-01 20:00:00.000000','2021-09-01 20:00:00.000000',7,2021,2022,NULL,'ASSIGNMENT','TERM2',3,29,61,'2022-03-12'),(718,'2021-09-01 20:00:00.000000','2021-09-01 20:00:00.000000',7,2021,2022,NULL,'MIDDLE','TERM2',3,29,61,'2022-04-14'),(720,'2021-09-01 20:00:00.000000','2021-09-01 20:00:00.000000',8,2021,2022,NULL,'ASSIGNMENT','TERM2',4,5,55,'2022-03-19'),(721,'2021-09-01 20:00:00.000000','2021-09-01 20:00:00.000000',9,2021,2022,NULL,'MIDDLE','TERM2',4,5,55,'2022-04-14'),(723,'2021-09-01 20:00:00.000000','2021-09-01 20:00:00.000000',6,2021,2022,NULL,'ASSIGNMENT','TERM2',4,9,56,'2022-03-29'),(724,'2021-09-01 20:00:00.000000','2021-09-01 20:00:00.000000',7,2021,2022,NULL,'MIDDLE','TERM2',4,9,56,'2022-04-14'),(726,'2021-09-01 20:00:00.000000','2021-09-01 20:00:00.000000',9,2021,2022,NULL,'ASSIGNMENT','TERM2',4,13,57,'2022-03-28'),(727,'2021-09-01 20:00:00.000000','2021-09-01 20:00:00.000000',7,2021,2022,NULL,'MIDDLE','TERM2',4,13,57,'2022-04-14'),(729,'2021-09-01 20:00:00.000000','2021-09-01 20:00:00.000000',6,2021,2022,NULL,'ASSIGNMENT','TERM2',4,17,58,'2022-03-22'),(730,'2021-09-01 20:00:00.000000','2021-09-01 20:00:00.000000',6,2021,2022,NULL,'MIDDLE','TERM2',4,17,58,'2022-04-14'),(732,'2021-09-01 20:00:00.000000','2021-09-01 20:00:00.000000',9,2021,2022,NULL,'ASSIGNMENT','TERM2',4,21,59,'2022-03-29'),(733,'2021-09-01 20:00:00.000000','2021-09-01 20:00:00.000000',7,2021,2022,NULL,'MIDDLE','TERM2',4,21,59,'2022-04-14'),(735,'2021-09-01 20:00:00.000000','2021-09-01 20:00:00.000000',6,2021,2022,NULL,'ASSIGNMENT','TERM2',4,25,60,'2022-03-18'),(736,'2021-09-01 20:00:00.000000','2021-09-01 20:00:00.000000',5,2021,2022,NULL,'MIDDLE','TERM2',4,25,60,'2022-04-14'),(738,'2021-09-01 20:00:00.000000','2021-09-01 20:00:00.000000',9,2021,2022,NULL,'ASSIGNMENT','TERM2',4,29,61,'2022-03-05'),(739,'2021-09-01 20:00:00.000000','2021-09-01 20:00:00.000000',9,2021,2022,NULL,'MIDDLE','TERM2',4,29,61,'2022-04-14'),(741,'2021-09-01 20:00:00.000000','2021-09-01 20:00:00.000000',8,2021,2022,NULL,'ASSIGNMENT','TERM2',5,5,55,'2022-03-27'),(742,'2021-09-01 20:00:00.000000','2021-09-01 20:00:00.000000',6,2021,2022,NULL,'MIDDLE','TERM2',5,5,55,'2022-04-14'),(744,'2021-09-01 20:00:00.000000','2021-09-01 20:00:00.000000',9,2021,2022,NULL,'ASSIGNMENT','TERM2',5,9,56,'2022-03-04'),(745,'2021-09-01 20:00:00.000000','2021-09-01 20:00:00.000000',6,2021,2022,NULL,'MIDDLE','TERM2',5,9,56,'2022-04-14'),(747,'2021-09-01 20:00:00.000000','2021-09-01 20:00:00.000000',6,2021,2022,NULL,'ASSIGNMENT','TERM2',5,13,57,'2022-03-25'),(748,'2021-09-01 20:00:00.000000','2021-09-01 20:00:00.000000',9,2021,2022,NULL,'MIDDLE','TERM2',5,13,57,'2022-04-14'),(750,'2021-09-01 20:00:00.000000','2021-09-01 20:00:00.000000',5,2021,2022,NULL,'ASSIGNMENT','TERM2',5,17,58,'2022-03-24'),(751,'2021-09-01 20:00:00.000000','2021-09-01 20:00:00.000000',5,2021,2022,NULL,'MIDDLE','TERM2',5,17,58,'2022-04-14'),(753,'2021-09-01 20:00:00.000000','2021-09-01 20:00:00.000000',9,2021,2022,NULL,'ASSIGNMENT','TERM2',5,21,59,'2022-03-16'),(754,'2021-09-01 20:00:00.000000','2021-09-01 20:00:00.000000',5,2021,2022,NULL,'MIDDLE','TERM2',5,21,59,'2022-04-14'),(756,'2021-09-01 20:00:00.000000','2021-09-01 20:00:00.000000',7,2021,2022,NULL,'ASSIGNMENT','TERM2',5,25,60,'2022-03-06'),(757,'2021-09-01 20:00:00.000000','2021-09-01 20:00:00.000000',7,2021,2022,NULL,'MIDDLE','TERM2',5,25,60,'2022-04-14'),(759,'2021-09-01 20:00:00.000000','2021-09-01 20:00:00.000000',8,2021,2022,NULL,'ASSIGNMENT','TERM2',5,29,61,'2022-03-12'),(760,'2021-09-01 20:00:00.000000','2021-09-01 20:00:00.000000',7,2021,2022,NULL,'MIDDLE','TERM2',5,29,61,'2022-04-14'),(762,'2021-09-01 20:00:00.000000','2021-09-01 20:00:00.000000',8,2021,2022,NULL,'ASSIGNMENT','TERM2',6,5,55,'2022-03-13'),(763,'2021-09-01 20:00:00.000000','2021-09-01 20:00:00.000000',5,2021,2022,NULL,'MIDDLE','TERM2',6,5,55,'2022-04-14'),(765,'2021-09-01 20:00:00.000000','2021-09-01 20:00:00.000000',8,2021,2022,NULL,'ASSIGNMENT','TERM2',6,9,56,'2022-03-27'),(766,'2021-09-01 20:00:00.000000','2021-09-01 20:00:00.000000',6,2021,2022,NULL,'MIDDLE','TERM2',6,9,56,'2022-04-14'),(768,'2021-09-01 20:00:00.000000','2021-09-01 20:00:00.000000',9,2021,2022,NULL,'ASSIGNMENT','TERM2',6,13,57,'2022-03-11'),(769,'2021-09-01 20:00:00.000000','2021-09-01 20:00:00.000000',8,2021,2022,NULL,'MIDDLE','TERM2',6,13,57,'2022-04-14'),(771,'2021-09-01 20:00:00.000000','2021-09-01 20:00:00.000000',6,2021,2022,NULL,'ASSIGNMENT','TERM2',6,17,58,'2022-03-01'),(772,'2021-09-01 20:00:00.000000','2021-09-01 20:00:00.000000',9,2021,2022,NULL,'MIDDLE','TERM2',6,17,58,'2022-04-14'),(774,'2021-09-01 20:00:00.000000','2021-09-01 20:00:00.000000',9,2021,2022,NULL,'ASSIGNMENT','TERM2',6,21,59,'2022-03-02'),(775,'2021-09-01 20:00:00.000000','2021-09-01 20:00:00.000000',7,2021,2022,NULL,'MIDDLE','TERM2',6,21,59,'2022-04-14'),(777,'2021-09-01 20:00:00.000000','2021-09-01 20:00:00.000000',9,2021,2022,NULL,'ASSIGNMENT','TERM2',6,25,60,'2022-03-05'),(778,'2021-09-01 20:00:00.000000','2021-09-01 20:00:00.000000',5,2021,2022,NULL,'MIDDLE','TERM2',6,25,60,'2022-04-14'),(780,'2021-09-01 20:00:00.000000','2021-09-01 20:00:00.000000',7,2021,2022,NULL,'ASSIGNMENT','TERM2',6,29,61,'2022-03-18'),(781,'2021-09-01 20:00:00.000000','2021-09-01 20:00:00.000000',9,2021,2022,NULL,'MIDDLE','TERM2',6,29,61,'2022-04-14'),(783,'2021-09-01 20:00:00.000000','2021-09-01 20:00:00.000000',8,2021,2022,NULL,'ASSIGNMENT','TERM2',7,5,55,'2022-03-15'),(784,'2021-09-01 20:00:00.000000','2021-09-01 20:00:00.000000',6,2021,2022,NULL,'MIDDLE','TERM2',7,5,55,'2022-04-14'),(786,'2021-09-01 20:00:00.000000','2021-09-01 20:00:00.000000',8,2021,2022,NULL,'ASSIGNMENT','TERM2',7,9,56,'2022-03-22'),(787,'2021-09-01 20:00:00.000000','2021-09-01 20:00:00.000000',5,2021,2022,NULL,'MIDDLE','TERM2',7,9,56,'2022-04-14'),(789,'2021-09-01 20:00:00.000000','2021-09-01 20:00:00.000000',8,2021,2022,NULL,'ASSIGNMENT','TERM2',7,13,57,'2022-03-07'),(790,'2021-09-01 20:00:00.000000','2021-09-01 20:00:00.000000',9,2021,2022,NULL,'MIDDLE','TERM2',7,13,57,'2022-04-14'),(792,'2021-09-01 20:00:00.000000','2021-09-01 20:00:00.000000',7,2021,2022,NULL,'ASSIGNMENT','TERM2',7,17,58,'2022-03-24'),(793,'2021-09-01 20:00:00.000000','2021-09-01 20:00:00.000000',7,2021,2022,NULL,'MIDDLE','TERM2',7,17,58,'2022-04-14'),(795,'2021-09-01 20:00:00.000000','2021-09-01 20:00:00.000000',8,2021,2022,NULL,'ASSIGNMENT','TERM2',7,21,59,'2022-03-14'),(796,'2021-09-01 20:00:00.000000','2021-09-01 20:00:00.000000',5,2021,2022,NULL,'MIDDLE','TERM2',7,21,59,'2022-04-14'),(798,'2021-09-01 20:00:00.000000','2021-09-01 20:00:00.000000',8,2021,2022,NULL,'ASSIGNMENT','TERM2',7,25,60,'2022-03-25'),(799,'2021-09-01 20:00:00.000000','2021-09-01 20:00:00.000000',5,2021,2022,NULL,'MIDDLE','TERM2',7,25,60,'2022-04-14'),(801,'2021-09-01 20:00:00.000000','2021-09-01 20:00:00.000000',8,2021,2022,NULL,'ASSIGNMENT','TERM2',7,29,61,'2022-03-24'),(802,'2021-09-01 20:00:00.000000','2021-09-01 20:00:00.000000',6,2021,2022,NULL,'MIDDLE','TERM2',7,29,61,'2022-04-14'),(804,'2021-09-01 20:00:00.000000','2021-09-01 20:00:00.000000',7,2021,2022,NULL,'ASSIGNMENT','TERM2',8,5,55,'2022-03-16'),(805,'2021-09-01 20:00:00.000000','2021-09-01 20:00:00.000000',9,2021,2022,NULL,'MIDDLE','TERM2',8,5,55,'2022-04-14'),(807,'2021-09-01 20:00:00.000000','2021-09-01 20:00:00.000000',7,2021,2022,NULL,'ASSIGNMENT','TERM2',8,9,56,'2022-03-08'),(808,'2021-09-01 20:00:00.000000','2021-09-01 20:00:00.000000',7,2021,2022,NULL,'MIDDLE','TERM2',8,9,56,'2022-04-14'),(810,'2021-09-01 20:00:00.000000','2021-09-01 20:00:00.000000',7,2021,2022,NULL,'ASSIGNMENT','TERM2',8,13,57,'2022-03-22'),(811,'2021-09-01 20:00:00.000000','2021-09-01 20:00:00.000000',5,2021,2022,NULL,'MIDDLE','TERM2',8,13,57,'2022-04-14'),(813,'2021-09-01 20:00:00.000000','2021-09-01 20:00:00.000000',6,2021,2022,NULL,'ASSIGNMENT','TERM2',8,17,58,'2022-03-26'),(814,'2021-09-01 20:00:00.000000','2021-09-01 20:00:00.000000',9,2021,2022,NULL,'MIDDLE','TERM2',8,17,58,'2022-04-14'),(816,'2021-09-01 20:00:00.000000','2021-09-01 20:00:00.000000',7,2021,2022,NULL,'ASSIGNMENT','TERM2',8,21,59,'2022-03-04'),(817,'2021-09-01 20:00:00.000000','2021-09-01 20:00:00.000000',7,2021,2022,NULL,'MIDDLE','TERM2',8,21,59,'2022-04-14'),(819,'2021-09-01 20:00:00.000000','2021-09-01 20:00:00.000000',5,2021,2022,NULL,'ASSIGNMENT','TERM2',8,25,60,'2022-03-01'),(820,'2021-09-01 20:00:00.000000','2021-09-01 20:00:00.000000',8,2021,2022,NULL,'MIDDLE','TERM2',8,25,60,'2022-04-14'),(822,'2021-09-01 20:00:00.000000','2021-09-01 20:00:00.000000',6,2021,2022,NULL,'ASSIGNMENT','TERM2',8,29,61,'2022-03-23'),(823,'2021-09-01 20:00:00.000000','2021-09-01 20:00:00.000000',8,2021,2022,NULL,'MIDDLE','TERM2',8,29,61,'2022-04-14'),(825,'2021-09-01 20:00:00.000000','2021-09-01 20:00:00.000000',7,2021,2022,NULL,'ASSIGNMENT','TERM2',9,5,55,'2022-03-23'),(826,'2021-09-01 20:00:00.000000','2021-09-01 20:00:00.000000',8,2021,2022,NULL,'MIDDLE','TERM2',9,5,55,'2022-04-14'),(828,'2021-09-01 20:00:00.000000','2021-09-01 20:00:00.000000',8,2021,2022,NULL,'ASSIGNMENT','TERM2',9,9,56,'2022-03-16'),(829,'2021-09-01 20:00:00.000000','2021-09-01 20:00:00.000000',7,2021,2022,NULL,'MIDDLE','TERM2',9,9,56,'2022-04-14'),(831,'2021-09-01 20:00:00.000000','2021-09-01 20:00:00.000000',9,2021,2022,NULL,'ASSIGNMENT','TERM2',9,13,57,'2022-03-09'),(832,'2021-09-01 20:00:00.000000','2021-09-01 20:00:00.000000',5,2021,2022,NULL,'MIDDLE','TERM2',9,13,57,'2022-04-14'),(834,'2021-09-01 20:00:00.000000','2021-09-01 20:00:00.000000',9,2021,2022,NULL,'ASSIGNMENT','TERM2',9,17,58,'2022-03-28'),(835,'2021-09-01 20:00:00.000000','2021-09-01 20:00:00.000000',5,2021,2022,NULL,'MIDDLE','TERM2',9,17,58,'2022-04-14'),(837,'2021-09-01 20:00:00.000000','2021-09-01 20:00:00.000000',7,2021,2022,NULL,'ASSIGNMENT','TERM2',9,21,59,'2022-03-25'),(838,'2021-09-01 20:00:00.000000','2021-09-01 20:00:00.000000',8,2021,2022,NULL,'MIDDLE','TERM2',9,21,59,'2022-04-14'),(840,'2021-09-01 20:00:00.000000','2021-09-01 20:00:00.000000',7,2021,2022,NULL,'ASSIGNMENT','TERM2',9,25,60,'2022-03-12'),(841,'2021-09-01 20:00:00.000000','2021-09-01 20:00:00.000000',7,2021,2022,NULL,'MIDDLE','TERM2',9,25,60,'2022-04-14'),(843,'2021-09-01 20:00:00.000000','2021-09-01 20:00:00.000000',5,2021,2022,NULL,'ASSIGNMENT','TERM2',9,29,61,'2022-03-11'),(844,'2021-09-01 20:00:00.000000','2021-09-01 20:00:00.000000',7,2021,2022,NULL,'MIDDLE','TERM2',9,29,61,'2022-04-14'),(846,'2021-09-01 20:00:00.000000','2021-09-01 20:00:00.000000',6,2021,2022,NULL,'ASSIGNMENT','TERM2',10,5,55,'2022-03-22'),(847,'2021-09-01 20:00:00.000000','2021-09-01 20:00:00.000000',6,2021,2022,NULL,'MIDDLE','TERM2',10,5,55,'2022-04-14'),(849,'2021-09-01 20:00:00.000000','2021-09-01 20:00:00.000000',9,2021,2022,NULL,'ASSIGNMENT','TERM2',10,9,56,'2022-03-15'),(850,'2021-09-01 20:00:00.000000','2021-09-01 20:00:00.000000',9,2021,2022,NULL,'MIDDLE','TERM2',10,9,56,'2022-04-14'),(852,'2021-09-01 20:00:00.000000','2021-09-01 20:00:00.000000',5,2021,2022,NULL,'ASSIGNMENT','TERM2',10,13,57,'2022-03-12'),(853,'2021-09-01 20:00:00.000000','2021-09-01 20:00:00.000000',7,2021,2022,NULL,'MIDDLE','TERM2',10,13,57,'2022-04-14'),(855,'2021-09-01 20:00:00.000000','2021-09-01 20:00:00.000000',7,2021,2022,NULL,'ASSIGNMENT','TERM2',10,17,58,'2022-03-13'),(856,'2021-09-01 20:00:00.000000','2021-09-01 20:00:00.000000',7,2021,2022,NULL,'MIDDLE','TERM2',10,17,58,'2022-04-14'),(858,'2021-09-01 20:00:00.000000','2021-09-01 20:00:00.000000',9,2021,2022,NULL,'ASSIGNMENT','TERM2',10,21,59,'2022-03-27'),(859,'2021-09-01 20:00:00.000000','2021-09-01 20:00:00.000000',7,2021,2022,NULL,'MIDDLE','TERM2',10,21,59,'2022-04-14'),(861,'2021-09-01 20:00:00.000000','2021-09-01 20:00:00.000000',9,2021,2022,NULL,'ASSIGNMENT','TERM2',10,25,60,'2022-03-10'),(862,'2021-09-01 20:00:00.000000','2021-09-01 20:00:00.000000',6,2021,2022,NULL,'MIDDLE','TERM2',10,25,60,'2022-04-14'),(864,'2021-09-01 20:00:00.000000','2021-09-01 20:00:00.000000',7,2021,2022,NULL,'ASSIGNMENT','TERM2',10,29,61,'2022-03-25'),(865,'2021-09-01 20:00:00.000000','2021-09-01 20:00:00.000000',9,2021,2022,NULL,'MIDDLE','TERM2',10,29,61,'2022-04-14'),(867,'2021-09-01 20:00:00.000000','2021-09-01 20:00:00.000000',9,2021,2022,NULL,'ASSIGNMENT','TERM2',11,5,55,'2022-03-08'),(868,'2021-09-01 20:00:00.000000','2021-09-01 20:00:00.000000',8,2021,2022,NULL,'MIDDLE','TERM2',11,5,55,'2022-04-14'),(870,'2021-09-01 20:00:00.000000','2021-09-01 20:00:00.000000',8,2021,2022,NULL,'ASSIGNMENT','TERM2',11,9,56,'2022-03-24'),(871,'2021-09-01 20:00:00.000000','2021-09-01 20:00:00.000000',5,2021,2022,NULL,'MIDDLE','TERM2',11,9,56,'2022-04-14'),(873,'2021-09-01 20:00:00.000000','2021-09-01 20:00:00.000000',6,2021,2022,NULL,'ASSIGNMENT','TERM2',11,13,57,'2022-03-09'),(874,'2021-09-01 20:00:00.000000','2021-09-01 20:00:00.000000',9,2021,2022,NULL,'MIDDLE','TERM2',11,13,57,'2022-04-14'),(876,'2021-09-01 20:00:00.000000','2021-09-01 20:00:00.000000',8,2021,2022,NULL,'ASSIGNMENT','TERM2',11,17,58,'2022-03-28'),(877,'2021-09-01 20:00:00.000000','2021-09-01 20:00:00.000000',7,2021,2022,NULL,'MIDDLE','TERM2',11,17,58,'2022-04-14'),(879,'2021-09-01 20:00:00.000000','2021-09-01 20:00:00.000000',9,2021,2022,NULL,'ASSIGNMENT','TERM2',11,21,59,'2022-03-28'),(880,'2021-09-01 20:00:00.000000','2021-09-01 20:00:00.000000',5,2021,2022,NULL,'MIDDLE','TERM2',11,21,59,'2022-04-14'),(882,'2021-09-01 20:00:00.000000','2021-09-01 20:00:00.000000',7,2021,2022,NULL,'ASSIGNMENT','TERM2',11,25,60,'2022-03-27'),(883,'2021-09-01 20:00:00.000000','2021-09-01 20:00:00.000000',6,2021,2022,NULL,'MIDDLE','TERM2',11,25,60,'2022-04-14'),(885,'2021-09-01 20:00:00.000000','2021-09-01 20:00:00.000000',9,2021,2022,NULL,'ASSIGNMENT','TERM2',11,29,61,'2022-03-19'),(886,'2021-09-01 20:00:00.000000','2021-09-01 20:00:00.000000',5,2021,2022,NULL,'MIDDLE','TERM2',11,29,61,'2022-04-14'),(888,'2021-09-01 20:00:00.000000','2021-09-01 20:00:00.000000',9,2021,2022,NULL,'ASSIGNMENT','TERM2',12,5,55,'2022-03-14'),(889,'2021-09-01 20:00:00.000000','2021-09-01 20:00:00.000000',9,2021,2022,NULL,'MIDDLE','TERM2',12,5,55,'2022-04-14'),(891,'2021-09-01 20:00:00.000000','2021-09-01 20:00:00.000000',7,2021,2022,NULL,'ASSIGNMENT','TERM2',12,9,56,'2022-03-13'),(892,'2021-09-01 20:00:00.000000','2021-09-01 20:00:00.000000',7,2021,2022,NULL,'MIDDLE','TERM2',12,9,56,'2022-04-14'),(894,'2021-09-01 20:00:00.000000','2021-09-01 20:00:00.000000',5,2021,2022,NULL,'ASSIGNMENT','TERM2',12,13,57,'2022-03-24'),(895,'2021-09-01 20:00:00.000000','2021-09-01 20:00:00.000000',7,2021,2022,NULL,'MIDDLE','TERM2',12,13,57,'2022-04-14'),(897,'2021-09-01 20:00:00.000000','2021-09-01 20:00:00.000000',7,2021,2022,NULL,'ASSIGNMENT','TERM2',12,17,58,'2022-03-20'),(898,'2021-09-01 20:00:00.000000','2021-09-01 20:00:00.000000',8,2021,2022,NULL,'MIDDLE','TERM2',12,17,58,'2022-04-14'),(900,'2021-09-01 20:00:00.000000','2021-09-01 20:00:00.000000',6,2021,2022,NULL,'ASSIGNMENT','TERM2',12,21,59,'2022-03-27'),(901,'2021-09-01 20:00:00.000000','2021-09-01 20:00:00.000000',8,2021,2022,NULL,'MIDDLE','TERM2',12,21,59,'2022-04-14'),(903,'2021-09-01 20:00:00.000000','2021-09-01 20:00:00.000000',7,2021,2022,NULL,'ASSIGNMENT','TERM2',12,25,60,'2022-03-16'),(904,'2021-09-01 20:00:00.000000','2021-09-01 20:00:00.000000',7,2021,2022,NULL,'MIDDLE','TERM2',12,25,60,'2022-04-14'),(906,'2021-09-01 20:00:00.000000','2021-09-01 20:00:00.000000',8,2021,2022,NULL,'ASSIGNMENT','TERM2',12,29,61,'2022-03-28'),(907,'2021-09-01 20:00:00.000000','2021-09-01 20:00:00.000000',7,2021,2022,NULL,'MIDDLE','TERM2',12,29,61,'2022-04-14'),(909,'2021-09-01 20:00:00.000000','2021-09-01 20:00:00.000000',6,2021,2022,NULL,'ASSIGNMENT','TERM2',13,5,55,'2022-03-04'),(910,'2021-09-01 20:00:00.000000','2021-09-01 20:00:00.000000',6,2021,2022,NULL,'MIDDLE','TERM2',13,5,55,'2022-04-14'),(912,'2021-09-01 20:00:00.000000','2021-09-01 20:00:00.000000',6,2021,2022,NULL,'ASSIGNMENT','TERM2',13,9,56,'2022-03-24'),(913,'2021-09-01 20:00:00.000000','2021-09-01 20:00:00.000000',7,2021,2022,NULL,'MIDDLE','TERM2',13,9,56,'2022-04-14'),(915,'2021-09-01 20:00:00.000000','2021-09-01 20:00:00.000000',8,2021,2022,NULL,'ASSIGNMENT','TERM2',13,13,57,'2022-03-22'),(916,'2021-09-01 20:00:00.000000','2021-09-01 20:00:00.000000',9,2021,2022,NULL,'MIDDLE','TERM2',13,13,57,'2022-04-14'),(918,'2021-09-01 20:00:00.000000','2021-09-01 20:00:00.000000',6,2021,2022,NULL,'ASSIGNMENT','TERM2',13,17,58,'2022-03-06'),(919,'2021-09-01 20:00:00.000000','2021-09-01 20:00:00.000000',5,2021,2022,NULL,'MIDDLE','TERM2',13,17,58,'2022-04-14'),(921,'2021-09-01 20:00:00.000000','2021-09-01 20:00:00.000000',8,2021,2022,NULL,'ASSIGNMENT','TERM2',13,21,59,'2022-03-21'),(922,'2021-09-01 20:00:00.000000','2021-09-01 20:00:00.000000',5,2021,2022,NULL,'MIDDLE','TERM2',13,21,59,'2022-04-14'),(924,'2021-09-01 20:00:00.000000','2021-09-01 20:00:00.000000',9,2021,2022,NULL,'ASSIGNMENT','TERM2',13,25,60,'2022-03-29'),(925,'2021-09-01 20:00:00.000000','2021-09-01 20:00:00.000000',8,2021,2022,NULL,'MIDDLE','TERM2',13,25,60,'2022-04-14'),(927,'2021-09-01 20:00:00.000000','2021-09-01 20:00:00.000000',9,2021,2022,NULL,'ASSIGNMENT','TERM2',13,29,61,'2022-03-22'),(928,'2021-09-01 20:00:00.000000','2021-09-01 20:00:00.000000',7,2021,2022,NULL,'MIDDLE','TERM2',13,29,61,'2022-04-14'),(930,'2021-09-01 20:00:00.000000','2021-09-01 20:00:00.000000',9,2021,2022,NULL,'ASSIGNMENT','TERM2',14,5,55,'2022-03-25'),(931,'2021-09-01 20:00:00.000000','2021-09-01 20:00:00.000000',7,2021,2022,NULL,'MIDDLE','TERM2',14,5,55,'2022-04-14'),(933,'2021-09-01 20:00:00.000000','2021-09-01 20:00:00.000000',5,2021,2022,NULL,'ASSIGNMENT','TERM2',14,9,56,'2022-03-27'),(934,'2021-09-01 20:00:00.000000','2021-09-01 20:00:00.000000',6,2021,2022,NULL,'MIDDLE','TERM2',14,9,56,'2022-04-14'),(936,'2021-09-01 20:00:00.000000','2021-09-01 20:00:00.000000',7,2021,2022,NULL,'ASSIGNMENT','TERM2',14,13,57,'2022-03-03'),(937,'2021-09-01 20:00:00.000000','2021-09-01 20:00:00.000000',5,2021,2022,NULL,'MIDDLE','TERM2',14,13,57,'2022-04-14'),(939,'2021-09-01 20:00:00.000000','2021-09-01 20:00:00.000000',5,2021,2022,NULL,'ASSIGNMENT','TERM2',14,17,58,'2022-03-20'),(940,'2021-09-01 20:00:00.000000','2021-09-01 20:00:00.000000',8,2021,2022,NULL,'MIDDLE','TERM2',14,17,58,'2022-04-14'),(942,'2021-09-01 20:00:00.000000','2021-09-01 20:00:00.000000',8,2021,2022,NULL,'ASSIGNMENT','TERM2',14,21,59,'2022-03-03'),(943,'2021-09-01 20:00:00.000000','2021-09-01 20:00:00.000000',7,2021,2022,NULL,'MIDDLE','TERM2',14,21,59,'2022-04-14'),(945,'2021-09-01 20:00:00.000000','2021-09-01 20:00:00.000000',7,2021,2022,NULL,'ASSIGNMENT','TERM2',14,25,60,'2022-03-14'),(946,'2021-09-01 20:00:00.000000','2021-09-01 20:00:00.000000',8,2021,2022,NULL,'MIDDLE','TERM2',14,25,60,'2022-04-14'),(948,'2021-09-01 20:00:00.000000','2021-09-01 20:00:00.000000',8,2021,2022,NULL,'ASSIGNMENT','TERM2',14,29,61,'2022-03-29'),(949,'2021-09-01 20:00:00.000000','2021-09-01 20:00:00.000000',5,2021,2022,NULL,'MIDDLE','TERM2',14,29,61,'2022-04-14'),(951,'2021-09-01 20:00:00.000000','2021-09-01 20:00:00.000000',9,2021,2022,NULL,'ASSIGNMENT','TERM2',15,5,55,'2022-03-16'),(952,'2021-09-01 20:00:00.000000','2021-09-01 20:00:00.000000',7,2021,2022,NULL,'MIDDLE','TERM2',15,5,55,'2022-04-14'),(954,'2021-09-01 20:00:00.000000','2021-09-01 20:00:00.000000',7,2021,2022,NULL,'ASSIGNMENT','TERM2',15,9,56,'2022-03-21'),(955,'2021-09-01 20:00:00.000000','2021-09-01 20:00:00.000000',8,2021,2022,NULL,'MIDDLE','TERM2',15,9,56,'2022-04-14'),(957,'2021-09-01 20:00:00.000000','2021-09-01 20:00:00.000000',5,2021,2022,NULL,'ASSIGNMENT','TERM2',15,13,57,'2022-03-27'),(958,'2021-09-01 20:00:00.000000','2021-09-01 20:00:00.000000',7,2021,2022,NULL,'MIDDLE','TERM2',15,13,57,'2022-04-14'),(960,'2021-09-01 20:00:00.000000','2021-09-01 20:00:00.000000',6,2021,2022,NULL,'ASSIGNMENT','TERM2',15,17,58,'2022-03-16'),(961,'2021-09-01 20:00:00.000000','2021-09-01 20:00:00.000000',7,2021,2022,NULL,'MIDDLE','TERM2',15,17,58,'2022-04-14'),(963,'2021-09-01 20:00:00.000000','2021-09-01 20:00:00.000000',8,2021,2022,NULL,'ASSIGNMENT','TERM2',15,21,59,'2022-03-27'),(964,'2021-09-01 20:00:00.000000','2021-09-01 20:00:00.000000',5,2021,2022,NULL,'MIDDLE','TERM2',15,21,59,'2022-04-14'),(966,'2021-09-01 20:00:00.000000','2021-09-01 20:00:00.000000',6,2021,2022,NULL,'ASSIGNMENT','TERM2',15,25,60,'2022-03-28'),(967,'2021-09-01 20:00:00.000000','2021-09-01 20:00:00.000000',5,2021,2022,NULL,'MIDDLE','TERM2',15,25,60,'2022-04-14'),(969,'2021-09-01 20:00:00.000000','2021-09-01 20:00:00.000000',5,2021,2022,NULL,'ASSIGNMENT','TERM2',15,29,61,'2022-03-28'),(970,'2021-09-01 20:00:00.000000','2021-09-01 20:00:00.000000',6,2021,2022,NULL,'MIDDLE','TERM2',15,29,61,'2022-04-14'),(972,'2021-09-01 20:00:00.000000','2021-09-01 20:00:00.000000',6,2021,2022,NULL,'ASSIGNMENT','TERM2',16,5,55,'2022-03-27'),(973,'2021-09-01 20:00:00.000000','2021-09-01 20:00:00.000000',9,2021,2022,NULL,'MIDDLE','TERM2',16,5,55,'2022-04-14'),(974,'2021-09-01 20:00:00.000000','2021-09-01 20:00:00.000000',9,2021,2022,NULL,'ASSIGNMENT','TERM2',16,9,56,'2022-03-21'),(975,'2021-09-01 20:00:00.000000','2021-09-01 20:00:00.000000',6,2021,2022,NULL,'MIDDLE','TERM2',16,9,56,'2022-04-14'),(976,'2021-09-01 20:00:00.000000','2021-09-01 20:00:00.000000',7,2021,2022,NULL,'ASSIGNMENT','TERM2',16,13,57,'2022-03-26'),(977,'2021-09-01 20:00:00.000000','2021-09-01 20:00:00.000000',6,2021,2022,NULL,'MIDDLE','TERM2',16,13,57,'2022-04-14'),(978,'2021-09-01 20:00:00.000000','2021-09-01 20:00:00.000000',6,2021,2022,NULL,'ASSIGNMENT','TERM2',16,17,58,'2022-03-05'),(979,'2021-09-01 20:00:00.000000','2021-09-01 20:00:00.000000',9,2021,2022,NULL,'MIDDLE','TERM2',16,17,58,'2022-04-14'),(981,'2021-09-01 20:00:00.000000','2021-09-01 20:00:00.000000',5,2021,2022,NULL,'MIDDLE','TERM2',16,21,59,'2022-04-14'),(983,'2021-09-01 20:00:00.000000','2021-09-01 20:00:00.000000',9,2021,2022,NULL,'ASSIGNMENT','TERM2',16,25,60,'2022-03-08'),(984,'2021-09-01 20:00:00.000000','2021-09-01 20:00:00.000000',6,2021,2022,NULL,'MIDDLE','TERM2',16,25,60,'2022-04-14'),(986,'2021-09-01 20:00:00.000000','2021-09-01 20:00:00.000000',6,2021,2022,NULL,'ASSIGNMENT','TERM2',16,29,61,'2022-03-22'),(987,'2021-09-01 20:00:00.000000','2021-09-01 20:00:00.000000',8,2021,2022,NULL,'MIDDLE','TERM2',16,29,61,'2022-04-14'),(989,'2021-09-01 20:00:00.000000','2021-09-01 20:00:00.000000',7,2021,2022,NULL,'MIDDLE','TERM2',17,5,55,'2022-04-14'),(992,'2021-09-01 20:00:00.000000','2021-09-01 20:00:00.000000',7,2021,2022,NULL,'ASSIGNMENT','TERM2',17,13,57,'2022-03-29'),(993,'2021-09-01 20:00:00.000000','2021-09-01 20:00:00.000000',6,2021,2022,NULL,'MIDDLE','TERM2',17,13,57,'2022-04-14'),(994,'2021-09-01 20:00:00.000000','2021-09-01 20:00:00.000000',7,2021,2022,NULL,'ASSIGNMENT','TERM2',17,17,58,'2022-03-20'),(995,'2021-09-01 20:00:00.000000','2021-09-01 20:00:00.000000',9,2021,2022,NULL,'MIDDLE','TERM2',17,17,58,'2022-04-14'),(997,'2021-09-01 20:00:00.000000','2021-09-01 20:00:00.000000',6,2021,2022,NULL,'MIDDLE','TERM2',17,21,59,'2022-04-14'),(999,'2021-09-01 20:00:00.000000','2021-09-01 20:00:00.000000',5,2021,2022,NULL,'ASSIGNMENT','TERM2',17,25,60,'2022-03-14'),(1000,'2021-09-01 20:00:00.000000','2021-09-01 20:00:00.000000',8,2021,2022,NULL,'MIDDLE','TERM2',17,25,60,'2022-04-14'),(1002,'2021-09-01 20:00:00.000000','2021-09-01 20:00:00.000000',6,2021,2022,NULL,'ASSIGNMENT','TERM2',17,29,61,'2022-03-09'),(1003,'2021-09-01 20:00:00.000000','2021-09-01 20:00:00.000000',7,2021,2022,NULL,'MIDDLE','TERM2',17,29,61,'2022-04-14'),(1005,'2021-09-01 20:00:00.000000','2021-09-01 20:00:00.000000',5,2021,2022,NULL,'ASSIGNMENT','TERM2',18,5,55,'2022-03-29'),(1007,'2021-09-01 20:00:00.000000','2021-09-01 20:00:00.000000',8,2021,2022,NULL,'MIDDLE','TERM2',18,9,56,'2022-04-14'),(1009,'2021-09-01 20:00:00.000000','2021-09-01 20:00:00.000000',6,2021,2022,NULL,'MIDDLE','TERM2',18,13,57,'2022-04-14'),(1010,'2021-09-01 20:00:00.000000','2021-09-01 20:00:00.000000',5,2021,2022,NULL,'ASSIGNMENT','TERM2',18,17,58,'2022-03-04'),(1012,'2021-09-01 20:00:00.000000','2021-09-01 20:00:00.000000',6,2021,2022,NULL,'MIDDLE','TERM2',18,21,59,'2022-04-14'),(1014,'2021-09-01 20:00:00.000000','2021-09-01 20:00:00.000000',8,2021,2022,NULL,'ASSIGNMENT','TERM2',18,25,60,'2022-03-19'),(1015,'2021-09-01 20:00:00.000000','2021-09-01 20:00:00.000000',5,2021,2022,NULL,'MIDDLE','TERM2',18,25,60,'2022-04-14'),(1017,'2021-09-01 20:00:00.000000','2021-09-01 20:00:00.000000',8,2021,2022,NULL,'ASSIGNMENT','TERM2',18,29,61,'2022-03-23'),(1018,'2021-09-01 20:00:00.000000','2021-09-01 20:00:00.000000',8,2021,2022,NULL,'MIDDLE','TERM2',18,29,61,'2022-04-14'),(1019,'2022-08-17 06:19:10.727544','2022-08-17 06:19:10.727569',10,2021,2022,'placeholder','FINAL','TERM2',2,1,53,'2022-08-17'),(1020,'2022-08-17 06:19:13.321374','2022-08-17 06:19:13.321397',8,2021,2022,'placeholder','FINAL','TERM2',9,1,53,'2022-08-17'),(1021,'2022-08-17 06:19:15.893184','2022-08-17 06:19:15.893207',9,2021,2022,'placeholder','FINAL','TERM2',2,1,53,'2022-08-17'),(1022,'2022-08-17 06:19:19.230848','2022-08-17 06:19:19.230871',8,2021,2022,'placeholder','FINAL','TERM2',9,1,53,'2022-08-17'),(1023,'2022-08-17 06:19:20.675473','2022-08-17 06:19:20.675497',7,2021,2022,'placeholder','FINAL','TERM2',2,1,53,'2022-08-17'),(1024,'2022-08-17 06:19:21.832185','2022-08-17 06:19:21.832208',5,2021,2022,'placeholder','FINAL','TERM2',9,1,53,'2022-08-17'),(1025,'2022-08-17 06:19:23.406093','2022-08-17 06:19:23.406154',6,2021,2022,'placeholder','FINAL','TERM2',2,1,53,'2022-08-17'),(1026,'2022-08-17 06:20:18.525483','2022-08-17 06:20:18.525507',8,2021,2022,'placeholder','FINAL','TERM2',10,1,53,'2022-08-17'),(1027,'2022-08-17 06:20:22.342071','2022-08-17 06:20:22.342128',7,2021,2022,'placeholder','FINAL','TERM2',4,1,53,'2022-08-17'),(1028,'2022-08-17 06:20:26.321850','2022-08-17 06:20:26.321874',9,2021,2022,'placeholder','FINAL','TERM2',16,1,53,'2022-08-17'),(1029,'2022-08-17 06:22:36.781087','2022-08-17 06:22:36.781120',8,2021,2022,'placeholder','FINAL','TERM2',1,1,53,'2022-08-17'),(1030,'2022-08-17 11:22:49.473736','2022-08-17 11:22:49.473760',9,2021,2022,'placeholder','FINAL','TERM2',47,1,53,'2022-08-17'),(1031,'2022-08-17 11:22:51.208099','2022-08-17 11:22:51.208123',5,2021,2022,'placeholder','FINAL','TERM2',46,1,53,'2022-08-17'),(1032,'2022-08-17 11:22:57.140160','2022-08-17 11:22:57.140184',4,2021,2022,'placeholder','FINAL','TERM2',46,1,53,'2022-08-17'),(1033,'2022-08-17 11:23:08.639370','2022-08-17 11:23:08.639394',6,2021,2022,'placeholder','FINAL','TERM2',45,1,53,'2022-08-17');
/*!40000 ALTER TABLE `grade` ENABLE KEYS */;
UNLOCK TABLES;

--
-- Table structure for table `help_line`
--

DROP TABLE IF EXISTS `help_line`;
/*!40101 SET @saved_cs_client     = @@character_set_client */;
/*!50503 SET character_set_client = utf8mb4 */;
CREATE TABLE `help_line` (
  `id` bigint(20) NOT NULL AUTO_INCREMENT,
  `created_at` datetime(6) NOT NULL,
  `updated_at` datetime(6) NOT NULL,
  `title` varchar(50) DEFAULT NULL,
  `name` varchar(100) NOT NULL,
  `phone` varchar(15) DEFAULT NULL,
  `type` varchar(50) DEFAULT NULL,
  PRIMARY KEY (`id`) USING BTREE
) ENGINE=InnoDB AUTO_INCREMENT=9 DEFAULT CHARSET=utf8mb4 ROW_FORMAT=DYNAMIC;
/*!40101 SET character_set_client = @saved_cs_client */;

--
-- Dumping data for table `help_line`
--

LOCK TABLES `help_line` WRITE;
/*!40000 ALTER TABLE `help_line` DISABLE KEYS */;
INSERT INTO `help_line` VALUES (1,'2022-08-17 10:27:00.574386','2022-08-17 10:27:00.574406','Administrator','Giap Van Hien','0943733737','STAFF'),(2,'2022-08-17 10:27:53.247501','2022-08-17 10:27:53.247520','Guidance counselor','Hien Anh','09485720492','STAFF'),(3,'2022-08-17 10:30:13.962590','2022-08-17 10:30:13.962611','School Nurse','Mai Quynh An','0948575068','STAFF'),(4,'2022-08-17 10:31:09.894164','2022-08-17 10:31:09.894187','Librarian','Nhat Lam','0476284759','TEACHER'),(5,'2022-08-17 10:31:47.162133','2022-08-17 10:31:47.162154','Superintendent','Nguyen Tien Duong','0494949583','TEACHER'),(6,'2022-08-17 10:34:46.246082','2022-08-17 10:34:46.246137','Math Department','Kha Long','0947020202','TEACHER'),(7,'2022-08-17 10:35:23.709326','2022-08-17 10:35:23.709352','IT department','Bui Van Nga','0495869493','TEACHER'),(8,'2022-08-17 10:36:34.696800','2022-08-17 10:36:34.696819','English Department','Trong Hieu','0475628495','TEACHER');
/*!40000 ALTER TABLE `help_line` ENABLE KEYS */;
UNLOCK TABLES;

--
-- Table structure for table `revision_class`
--

DROP TABLE IF EXISTS `revision_class`;
/*!40101 SET @saved_cs_client     = @@character_set_client */;
/*!50503 SET character_set_client = utf8mb4 */;
CREATE TABLE `revision_class` (
  `id` bigint(20) NOT NULL AUTO_INCREMENT,
  `created_at` datetime(6) NOT NULL,
  `updated_at` datetime(6) NOT NULL,
  `time_start` datetime(6) DEFAULT NULL,
  `time_end` datetime(6) DEFAULT NULL,
  `status` tinyint(1) NOT NULL,
  `subject_id` bigint(20) DEFAULT NULL,
  `teacher_id` bigint(20) DEFAULT NULL,
  PRIMARY KEY (`id`) USING BTREE,
  UNIQUE KEY `revision_class_subject_id_b651212b_uniq` (`subject_id`) USING BTREE,
  KEY `revision_class_teacher_id_3d937482_fk_user_id` (`teacher_id`) USING BTREE,
  CONSTRAINT `revision_class_subject_id_b651212b_fk_subject_id` FOREIGN KEY (`subject_id`) REFERENCES `subject` (`id`),
  CONSTRAINT `revision_class_teacher_id_3d937482_fk_user_id` FOREIGN KEY (`teacher_id`) REFERENCES `user` (`id`)
) ENGINE=InnoDB AUTO_INCREMENT=12 DEFAULT CHARSET=utf8mb4 ROW_FORMAT=DYNAMIC;
/*!40101 SET character_set_client = @saved_cs_client */;

--
-- Dumping data for table `revision_class`
--

LOCK TABLES `revision_class` WRITE;
/*!40000 ALTER TABLE `revision_class` DISABLE KEYS */;
INSERT INTO `revision_class` VALUES (1,'2022-07-18 21:05:05.000000','2022-07-18 21:05:05.000000',NULL,NULL,1,1,53),(2,'2022-07-18 21:05:05.000000','2022-07-18 21:05:05.000000',NULL,NULL,1,2,54),(3,'2022-07-18 21:05:05.000000','2022-07-18 21:05:05.000000',NULL,NULL,1,3,53),(4,'2022-07-18 21:05:05.000000','2022-07-18 21:05:05.000000',NULL,NULL,1,4,53),(5,'2022-07-18 21:05:05.000000','2022-07-18 21:05:05.000000',NULL,NULL,1,5,55),(6,'2022-07-18 21:05:05.000000','2022-07-18 21:05:05.000000',NULL,NULL,1,9,56),(7,'2022-07-18 21:05:05.000000','2022-07-18 21:05:05.000000',NULL,NULL,1,13,57),(8,'2022-07-18 21:05:05.000000','2022-07-18 21:05:05.000000',NULL,NULL,0,17,58),(9,'2022-07-18 21:05:05.000000','2022-07-18 21:05:05.000000',NULL,NULL,1,21,59),(10,'2022-07-18 21:05:05.000000','2022-07-18 21:05:05.000000',NULL,NULL,1,25,60),(11,'2022-07-18 21:05:05.000000','2022-07-18 21:05:05.000000',NULL,NULL,1,29,61);
/*!40000 ALTER TABLE `revision_class` ENABLE KEYS */;
UNLOCK TABLES;

--
-- Table structure for table `student`
--

DROP TABLE IF EXISTS `student`;
/*!40101 SET @saved_cs_client     = @@character_set_client */;
/*!50503 SET character_set_client = utf8mb4 */;
CREATE TABLE `student` (
  `id` bigint(20) NOT NULL AUTO_INCREMENT,
  `created_at` datetime(6) NOT NULL,
  `updated_at` datetime(6) NOT NULL,
  `my_class_id` bigint(20) DEFAULT NULL,
  `parent_id` bigint(20) DEFAULT NULL,
  `user_id` bigint(20) DEFAULT NULL,
  PRIMARY KEY (`id`) USING BTREE,
  UNIQUE KEY `user_id` (`user_id`) USING BTREE,
  KEY `student_my_class_id_272b6d00_fk_class_id` (`my_class_id`) USING BTREE,
  KEY `student_parent_id_48e938fd_fk_user_id` (`parent_id`) USING BTREE,
  CONSTRAINT `student_my_class_id_272b6d00_fk_class_id` FOREIGN KEY (`my_class_id`) REFERENCES `class` (`id`),
  CONSTRAINT `student_parent_id_48e938fd_fk_user_id` FOREIGN KEY (`parent_id`) REFERENCES `user` (`id`),
  CONSTRAINT `student_user_id_dcc2526f_fk_user_id` FOREIGN KEY (`user_id`) REFERENCES `user` (`id`)
) ENGINE=InnoDB AUTO_INCREMENT=51 DEFAULT CHARSET=utf8mb4 ROW_FORMAT=DYNAMIC;
/*!40101 SET character_set_client = @saved_cs_client */;

--
-- Dumping data for table `student`
--

LOCK TABLES `student` WRITE;
/*!40000 ALTER TABLE `student` DISABLE KEYS */;
INSERT INTO `student` VALUES (1,'2022-07-18 21:05:05.000000','2022-07-18 21:05:05.000000',1,4,2),(2,'2022-07-18 21:05:05.000000','2022-07-18 21:05:05.000000',1,NULL,3),(3,'2022-07-18 21:05:05.000000','2022-07-18 21:05:05.000000',1,NULL,5),(4,'2022-07-18 21:05:05.000000','2022-07-18 21:05:05.000000',1,NULL,6),(5,'2022-07-18 21:05:05.000000','2022-07-18 21:05:05.000000',1,NULL,7),(6,'2022-07-18 21:05:05.000000','2022-07-18 21:05:05.000000',1,NULL,8),(7,'2022-07-18 21:05:05.000000','2022-07-18 21:05:05.000000',1,NULL,9),(8,'2022-07-18 21:05:05.000000','2022-07-18 21:05:05.000000',1,NULL,10),(9,'2022-07-18 21:05:05.000000','2022-07-18 21:05:05.000000',1,NULL,11),(10,'2022-07-18 21:05:05.000000','2022-07-18 21:05:05.000000',1,NULL,12),(11,'2022-07-18 21:05:05.000000','2022-07-18 21:05:05.000000',1,NULL,13),(12,'2022-07-18 21:05:05.000000','2022-07-18 21:05:05.000000',1,NULL,14),(13,'2022-07-18 21:05:05.000000','2022-07-18 21:05:05.000000',1,NULL,15),(14,'2022-07-18 21:05:05.000000','2022-07-18 21:05:05.000000',1,NULL,16),(15,'2022-07-18 21:05:05.000000','2022-07-18 21:05:05.000000',1,NULL,17),(16,'2022-07-18 21:05:05.000000','2022-07-18 21:05:05.000000',1,NULL,18),(17,'2022-07-18 21:05:05.000000','2022-07-18 21:05:05.000000',1,NULL,19),(18,'2022-07-18 21:05:05.000000','2022-07-18 21:05:05.000000',1,NULL,20),(19,'2022-07-18 21:05:05.000000','2022-07-18 21:05:05.000000',2,NULL,21),(20,'2022-07-18 21:05:05.000000','2022-07-18 21:05:05.000000',2,NULL,22),(21,'2022-07-18 21:05:05.000000','2022-07-18 21:05:05.000000',2,NULL,23),(22,'2022-07-18 21:05:05.000000','2022-07-18 21:05:05.000000',2,NULL,24),(23,'2022-07-18 21:05:05.000000','2022-07-18 21:05:05.000000',2,NULL,25),(24,'2022-07-18 21:05:05.000000','2022-07-18 21:05:05.000000',2,NULL,26),(25,'2022-07-18 21:05:05.000000','2022-07-18 21:05:05.000000',2,NULL,27),(26,'2022-07-18 21:05:05.000000','2022-07-18 21:05:05.000000',2,NULL,28),(27,'2022-07-18 21:05:05.000000','2022-07-18 21:05:05.000000',2,NULL,29),(28,'2022-07-18 21:05:05.000000','2022-07-18 21:05:05.000000',2,NULL,30),(29,'2022-07-18 21:05:05.000000','2022-07-18 21:05:05.000000',2,NULL,31),(30,'2022-07-18 21:05:05.000000','2022-07-18 21:05:05.000000',2,NULL,32),(31,'2022-07-18 21:05:05.000000','2022-07-18 21:05:05.000000',2,NULL,33),(32,'2022-07-18 21:05:05.000000','2022-07-18 21:05:05.000000',2,NULL,34),(33,'2022-07-18 21:05:05.000000','2022-07-18 21:05:05.000000',2,NULL,35),(34,'2022-07-18 21:05:05.000000','2022-07-18 21:05:05.000000',2,NULL,36),(35,'2022-07-18 21:05:05.000000','2022-07-18 21:05:05.000000',2,NULL,37),(36,'2022-07-18 21:05:05.000000','2022-07-18 21:05:05.000000',2,NULL,38),(37,'2022-07-18 21:05:05.000000','2022-07-18 21:05:05.000000',2,NULL,39),(38,'2022-07-18 21:05:05.000000','2022-07-18 21:05:05.000000',3,NULL,40),(39,'2022-07-18 21:05:05.000000','2022-07-18 21:05:05.000000',3,NULL,41),(40,'2022-07-18 21:05:05.000000','2022-07-18 21:05:05.000000',3,NULL,42),(41,'2022-07-18 21:05:05.000000','2022-07-18 21:05:05.000000',3,NULL,43),(42,'2022-07-18 21:05:05.000000','2022-07-18 21:05:05.000000',3,NULL,44),(43,'2022-07-18 21:05:05.000000','2022-07-18 21:05:05.000000',3,NULL,45),(44,'2022-07-18 21:05:05.000000','2022-07-18 21:05:05.000000',3,NULL,46),(45,'2022-07-18 21:05:05.000000','2022-07-18 21:05:05.000000',3,NULL,47),(46,'2022-07-18 21:05:05.000000','2022-07-18 21:05:05.000000',3,NULL,48),(47,'2022-07-18 21:05:05.000000','2022-07-18 21:05:05.000000',3,NULL,49),(48,'2022-07-18 21:05:05.000000','2022-07-18 21:05:05.000000',3,NULL,50),(49,'2022-07-18 21:05:05.000000','2022-07-18 21:05:05.000000',3,NULL,51),(50,'2022-07-18 21:05:05.000000','2022-07-18 21:05:05.000000',3,NULL,52);
/*!40000 ALTER TABLE `student` ENABLE KEYS */;
UNLOCK TABLES;

--
-- Table structure for table `study_resource`
--

DROP TABLE IF EXISTS `study_resource`;
/*!40101 SET @saved_cs_client     = @@character_set_client */;
/*!50503 SET character_set_client = utf8mb4 */;
CREATE TABLE `study_resource` (
  `id` bigint(20) NOT NULL AUTO_INCREMENT,
  `created_at` datetime(6) NOT NULL,
  `updated_at` datetime(6) NOT NULL,
  `name` varchar(255) DEFAULT NULL,
  `type` varchar(255) DEFAULT NULL,
  `link` varchar(255) DEFAULT NULL,
  `subject_id` bigint(20) DEFAULT NULL,
  PRIMARY KEY (`id`) USING BTREE,
  KEY `study_resource_subject_id_a533b543_fk_subject_id` (`subject_id`) USING BTREE,
  CONSTRAINT `study_resource_subject_id_a533b543_fk_subject_id` FOREIGN KEY (`subject_id`) REFERENCES `subject` (`id`)
) ENGINE=InnoDB AUTO_INCREMENT=11 DEFAULT CHARSET=utf8mb4 ROW_FORMAT=DYNAMIC;
/*!40101 SET character_set_client = @saved_cs_client */;

--
-- Dumping data for table `study_resource`
--

LOCK TABLES `study_resource` WRITE;
/*!40000 ALTER TABLE `study_resource` DISABLE KEYS */;
INSERT INTO `study_resource` VALUES (1,'2022-08-17 10:41:09.676587','2022-08-17 10:41:09.676606','EMBIBE','WEB','https://www.embibe.com/?redirect_url=%2Fbooktoc%3Fbook_id%3D5f047bf427278334e9eedb49%252FNC06M005%252F6%252FMathematics%26itm_source%3DK12_CBSE_6_NCERT_Exemplar_Mathematics_Class_6%26itm_medium%3DBlog%26itm_campaign%3DMathematics_Test',1),(2,'2022-08-17 10:42:17.408146','2022-08-17 10:42:17.408166','Mental Math','IMAGE','https://i0.wp.com/slamboresources.com/wp-content/uploads/2021/08/Grade-6-Mental-Maths-Worksheet-1-Image-1.png?fit=1024%2C713&ssl=1',1),(3,'2022-08-17 10:45:57.992124','2022-08-17 10:45:57.992149','The Math Around us','MP4','http://techslides.com/demos/sample-videos/small.mp4',1),(4,'2022-08-17 10:47:30.822370','2022-08-17 10:47:30.822396','Geogbra','IMAGE','https://www.geogebra.org/resource/m4Kw38QE/rk8UUNCmwgSae8pV/material-m4Kw38QE-thumb.png',3),(5,'2022-08-17 10:49:52.723839','2022-08-17 10:49:52.723860','NCERT Solutions Class 7 Maths','WEB','https://byjus.com/ncert-solutions-class-7-maths/',2),(6,'2022-08-17 10:51:43.998081','2022-08-17 10:51:43.998139','Square Method','IMAGE','https://images.squarespace-cdn.com/content/v1/54905286e4b050812345644c/1591731276207-E379GH21MJCYEQ1BANGG/CompletingTheSquareMethod.jpg',4),(7,'2022-08-17 11:34:30.393902','2022-08-17 11:34:30.393930','English for you','WEB','https://www.pdfdrive.com/english-for-you-books.html',13),(8,'2022-08-17 11:37:54.428414','2022-08-17 11:37:54.428433','Flowchart','IMAGE','https://cdn.infodiagram.com/c/49e804/flow-chart.png',5),(9,'2022-08-17 11:41:44.897630','2022-08-17 11:41:44.897652','Flowchart','PDF','https://www.it.iitb.ac.in/~vijaya/ssrvm/dokuwiki/media/s6_l6_15feb.pdf',5),(10,'2022-08-17 11:43:20.468131','2022-08-17 11:43:20.468156','NCERT Books 6th Science','WEB','https://ncert.nic.in/textbook.php?fesc1=0-16',9);
/*!40000 ALTER TABLE `study_resource` ENABLE KEYS */;
UNLOCK TABLES;

--
-- Table structure for table `subject`
--

DROP TABLE IF EXISTS `subject`;
/*!40101 SET @saved_cs_client     = @@character_set_client */;
/*!50503 SET character_set_client = utf8mb4 */;
CREATE TABLE `subject` (
  `id` bigint(20) NOT NULL AUTO_INCREMENT,
  `created_at` datetime(6) NOT NULL,
  `updated_at` datetime(6) NOT NULL,
  `name` varchar(255) DEFAULT NULL,
  `deleted_at` datetime(6) DEFAULT NULL,
  PRIMARY KEY (`id`) USING BTREE
) ENGINE=InnoDB AUTO_INCREMENT=33 DEFAULT CHARSET=utf8mb4 ROW_FORMAT=DYNAMIC;
/*!40101 SET character_set_client = @saved_cs_client */;

--
-- Dumping data for table `subject`
--

LOCK TABLES `subject` WRITE;
/*!40000 ALTER TABLE `subject` DISABLE KEYS */;
INSERT INTO `subject` VALUES (1,'2022-07-18 21:05:05.000000','2022-07-18 21:05:05.000000','Math 6',NULL),(2,'2022-07-18 21:05:05.000000','2022-07-18 21:05:05.000000','Math 7',NULL),(3,'2022-07-18 21:05:05.000000','2022-07-18 21:05:05.000000','Math 8',NULL),(4,'2022-07-18 21:05:05.000000','2022-07-18 21:05:05.000000','Math 9',NULL),(5,'2022-07-18 21:05:05.000000','2022-08-17 06:30:38.902899','IT 6',NULL),(6,'2022-07-18 21:05:05.000000','2022-08-17 06:30:30.152398','IT 7',NULL),(7,'2022-07-18 21:05:05.000000','2022-08-17 06:30:16.768714','IT 8',NULL),(8,'2022-07-18 21:05:05.000000','2022-08-17 06:30:05.542000','IT 9',NULL),(9,'2022-07-18 21:05:05.000000','2022-07-18 21:05:05.000000','Science 6',NULL),(10,'2022-07-18 21:05:05.000000','2022-07-18 21:05:05.000000','Science 7',NULL),(11,'2022-07-18 21:05:05.000000','2022-07-18 21:05:05.000000','Science 8',NULL),(12,'2022-07-18 21:05:05.000000','2022-07-18 21:05:05.000000','Science 9',NULL),(13,'2022-07-18 21:05:05.000000','2022-07-18 21:05:05.000000','English 6',NULL),(14,'2022-07-18 21:05:05.000000','2022-07-18 21:05:05.000000','English 7',NULL),(15,'2022-07-18 21:05:05.000000','2022-07-18 21:05:05.000000','English 8',NULL),(16,'2022-07-18 21:05:05.000000','2022-07-18 21:05:05.000000','English 9',NULL),(17,'2022-07-18 21:05:05.000000','2022-07-18 21:05:05.000000','Physical Education 6',NULL),(18,'2022-07-18 21:05:05.000000','2022-07-18 21:05:05.000000','Physical Education 7',NULL),(19,'2022-07-18 21:05:05.000000','2022-07-18 21:05:05.000000','Physical Education 8',NULL),(20,'2022-07-18 21:05:05.000000','2022-07-18 21:05:05.000000','Physical Education 9',NULL),(21,'2022-07-18 21:05:05.000000','2022-07-18 21:05:05.000000','Geography 6',NULL),(22,'2022-07-18 21:05:05.000000','2022-07-18 21:05:05.000000','Geography 7',NULL),(23,'2022-07-18 21:05:05.000000','2022-07-18 21:05:05.000000','Geography 8',NULL),(24,'2022-07-18 21:05:05.000000','2022-07-18 21:05:05.000000','Geography 9',NULL),(25,'2022-07-18 21:05:05.000000','2022-07-18 21:05:05.000000','Music 6',NULL),(26,'2022-07-18 21:05:05.000000','2022-07-18 21:05:05.000000','Music 7',NULL),(27,'2022-07-18 21:05:05.000000','2022-07-18 21:05:05.000000','Music 8',NULL),(28,'2022-07-18 21:05:05.000000','2022-07-18 21:05:05.000000','Music 9',NULL),(29,'2022-07-18 21:05:05.000000','2022-07-18 21:05:05.000000','History 6',NULL),(30,'2022-07-18 21:05:05.000000','2022-07-18 21:05:05.000000','History 7',NULL),(31,'2022-07-18 21:05:05.000000','2022-07-18 21:05:05.000000','History 8',NULL),(32,'2022-07-18 21:05:05.000000','2022-07-18 21:05:05.000000','History 9',NULL);
/*!40000 ALTER TABLE `subject` ENABLE KEYS */;
UNLOCK TABLES;

--
-- Table structure for table `time_table`
--

DROP TABLE IF EXISTS `time_table`;
/*!40101 SET @saved_cs_client     = @@character_set_client */;
/*!50503 SET character_set_client = utf8mb4 */;
CREATE TABLE `time_table` (
  `id` bigint(20) NOT NULL AUTO_INCREMENT,
  `created_at` datetime(6) NOT NULL,
  `updated_at` datetime(6) NOT NULL,
  `day_of_week` varchar(50) DEFAULT NULL,
  `end_time` time(6) DEFAULT NULL,
  `start_time` time(6) DEFAULT NULL,
  `revision_class_id` bigint(20) DEFAULT NULL,
  PRIMARY KEY (`id`) USING BTREE,
  KEY `time_table_revision_class_id_f2112834_fk_revision_class_id` (`revision_class_id`) USING BTREE,
  CONSTRAINT `time_table_revision_class_id_f2112834_fk_revision_class_id` FOREIGN KEY (`revision_class_id`) REFERENCES `revision_class` (`id`)
) ENGINE=InnoDB AUTO_INCREMENT=13 DEFAULT CHARSET=utf8mb4 ROW_FORMAT=DYNAMIC;
/*!40101 SET character_set_client = @saved_cs_client */;

--
-- Dumping data for table `time_table`
--

LOCK TABLES `time_table` WRITE;
/*!40000 ALTER TABLE `time_table` DISABLE KEYS */;
INSERT INTO `time_table` VALUES (1,'2022-07-18 21:05:05.000000','2022-07-18 21:05:05.000000','Monday','17:00:00.000000','14:30:00.000000',1),(2,'2022-07-18 21:05:05.000000','2022-07-18 21:05:05.000000','Tuesday ','14:30:00.000000','14:00:00.000000',3),(3,'2022-07-18 21:05:05.000000','2022-07-18 21:05:05.000000','Wednesday','21:00:00.000000','19:00:00.000000',4),(4,'2022-07-18 21:05:05.000000','2022-07-18 21:05:05.000000','Friday ','17:00:00.000000','14:30:00.000000',1),(5,'2022-07-18 21:05:05.000000','2022-07-18 21:05:05.000000','Saturday ','17:00:10.000000','14:30:00.000000',3),(6,'2022-07-18 21:05:05.000000','2022-07-18 21:05:05.000000','Monday','21:00:00.000000','19:30:00.000000',5),(7,'2022-07-18 21:05:05.000000','2022-07-18 21:05:05.000000','Wednesday','17:00:00.000000','14:30:00.000000',6),(8,'2022-07-18 21:05:05.000000','2022-07-18 21:05:05.000000','Thursday ','16:30:00.000000','14:30:00.000000',6),(9,'2022-07-18 21:05:05.000000','2022-07-18 21:05:05.000000','Sunday ','17:00:00.000000','15:00:00.000000',5),(10,'2022-07-18 21:05:05.000000','2022-07-18 21:05:05.000000','Sunday ','20:30:00.000000','19:30:00.000000',9),(11,'2022-07-18 21:05:05.000000','2022-07-18 21:05:05.000000','Thursday ','21:00:00.000000','19:50:00.000000',10),(12,'2022-07-18 21:05:05.000000','2022-07-18 21:05:05.000000','Tuesday','17:00:00.000000','15:00:00.000000',11);
/*!40000 ALTER TABLE `time_table` ENABLE KEYS */;
UNLOCK TABLES;

--
-- Table structure for table `token_blacklist_blacklistedtoken`
--

DROP TABLE IF EXISTS `token_blacklist_blacklistedtoken`;
/*!40101 SET @saved_cs_client     = @@character_set_client */;
/*!50503 SET character_set_client = utf8mb4 */;
CREATE TABLE `token_blacklist_blacklistedtoken` (
  `id` bigint(20) NOT NULL AUTO_INCREMENT,
  `blacklisted_at` datetime(6) NOT NULL,
  `token_id` bigint(20) NOT NULL,
  PRIMARY KEY (`id`) USING BTREE,
  UNIQUE KEY `token_id` (`token_id`) USING BTREE,
  CONSTRAINT `token_blacklist_blacklistedtoken_token_id_3cc7fe56_fk` FOREIGN KEY (`token_id`) REFERENCES `token_blacklist_outstandingtoken` (`id`)
) ENGINE=InnoDB DEFAULT CHARSET=utf8mb4 ROW_FORMAT=DYNAMIC;
/*!40101 SET character_set_client = @saved_cs_client */;

--
-- Dumping data for table `token_blacklist_blacklistedtoken`
--

LOCK TABLES `token_blacklist_blacklistedtoken` WRITE;
/*!40000 ALTER TABLE `token_blacklist_blacklistedtoken` DISABLE KEYS */;
/*!40000 ALTER TABLE `token_blacklist_blacklistedtoken` ENABLE KEYS */;
UNLOCK TABLES;

--
-- Table structure for table `token_blacklist_outstandingtoken`
--

DROP TABLE IF EXISTS `token_blacklist_outstandingtoken`;
/*!40101 SET @saved_cs_client     = @@character_set_client */;
/*!50503 SET character_set_client = utf8mb4 */;
CREATE TABLE `token_blacklist_outstandingtoken` (
  `id` bigint(20) NOT NULL AUTO_INCREMENT,
  `token` longtext NOT NULL,
  `created_at` datetime(6) DEFAULT NULL,
  `expires_at` datetime(6) NOT NULL,
  `user_id` bigint(20) DEFAULT NULL,
  `jti` varchar(255) NOT NULL,
  PRIMARY KEY (`id`) USING BTREE,
  UNIQUE KEY `token_blacklist_outstandingtoken_jti_hex_d9bdf6f7_uniq` (`jti`) USING BTREE,
  KEY `token_blacklist_outstandingtoken_user_id_83bc629a_fk_user_id` (`user_id`) USING BTREE,
  CONSTRAINT `token_blacklist_outstandingtoken_user_id_83bc629a_fk_user_id` FOREIGN KEY (`user_id`) REFERENCES `user` (`id`)
) ENGINE=InnoDB AUTO_INCREMENT=18 DEFAULT CHARSET=utf8mb4 ROW_FORMAT=DYNAMIC;
/*!40101 SET character_set_client = @saved_cs_client */;

--
-- Dumping data for table `token_blacklist_outstandingtoken`
--

LOCK TABLES `token_blacklist_outstandingtoken` WRITE;
/*!40000 ALTER TABLE `token_blacklist_outstandingtoken` DISABLE KEYS */;
INSERT INTO `token_blacklist_outstandingtoken` VALUES (1,'eyJ0eXAiOiJKV1QiLCJhbGciOiJIUzI1NiJ9.eyJ0b2tlbl90eXBlIjoicmVmcmVzaCIsImV4cCI6MTY2ODQ5MTIyOSwianRpIjoiZDRkYmFiOWI4MTI4NGE0MGFjZTFmOTU2MTEyMjFiYTgiLCJ1c2VyX2lkIjoyfQ.7ajNPK1VOtG69jnntDoThRq3uPMbBP-x2Vk42pUdLBU','2022-08-17 05:47:09.435428','2022-11-15 05:47:09.000000',2,'d4dbab9b81284a40ace1f95611221ba8'),(2,'eyJ0eXAiOiJKV1QiLCJhbGciOiJIUzI1NiJ9.eyJ0b2tlbl90eXBlIjoicmVmcmVzaCIsImV4cCI6MTY2ODQ5MTMzNywianRpIjoiNDI0YzFmY2I0ZDFhNDE0NzkwOTE1YzQyZjRhZjJlZDUiLCJ1c2VyX2lkIjo1M30.fA7TRoYjsD1Vfu7BEkWr7yBmCjeG4GNU1XOAjyvmE7U','2022-08-17 05:48:57.413249','2022-11-15 05:48:57.000000',53,'424c1fcb4d1a414790915c42f4af2ed5'),(3,'eyJ0eXAiOiJKV1QiLCJhbGciOiJIUzI1NiJ9.eyJ0b2tlbl90eXBlIjoicmVmcmVzaCIsImV4cCI6MTY2ODQ5MTcwOSwianRpIjoiYjhiYjI4ZmI3N2I3NDNiMGJkOTdlNTY5ZmU5ZTlmZjgiLCJ1c2VyX2lkIjoyfQ.XOgzt9IMiRgqMyKmV8Jb86ds720AMxQZ7J4E9GQngQc','2022-08-17 05:55:09.456630','2022-11-15 05:55:09.000000',2,'b8bb28fb77b743b0bd97e569fe9e9ff8'),(4,'eyJ0eXAiOiJKV1QiLCJhbGciOiJIUzI1NiJ9.eyJ0b2tlbl90eXBlIjoicmVmcmVzaCIsImV4cCI6MTY2ODQ5MjEyNSwianRpIjoiNGVkZmM1NzU2M2U0NDgzZGJiYzMyZmE1ZDI3NjRjYmEiLCJ1c2VyX2lkIjo1M30.ysaBCI0P-Z-oRMoGQFfDwR8R3DUX6CoaDqU9cFD8rXI','2022-08-17 06:02:05.549928','2022-11-15 06:02:05.000000',53,'4edfc57563e4483dbbc32fa5d2764cba'),(5,'eyJ0eXAiOiJKV1QiLCJhbGciOiJIUzI1NiJ9.eyJ0b2tlbl90eXBlIjoicmVmcmVzaCIsImV4cCI6MTY2ODQ5MjE3NSwianRpIjoiZTNmOThiM2VkOGNhNDMwZTg4NTRmMDhlN2VjYTU5NjEiLCJ1c2VyX2lkIjo1M30.v071x3ytgvVyomt8Crt09W2bU-z8rHs02dWHtuZ2gVo','2022-08-17 06:02:55.806364','2022-11-15 06:02:55.000000',53,'e3f98b3ed8ca430e8854f08e7eca5961'),(6,'eyJ0eXAiOiJKV1QiLCJhbGciOiJIUzI1NiJ9.eyJ0b2tlbl90eXBlIjoicmVmcmVzaCIsImV4cCI6MTY2ODQ5MjI0NCwianRpIjoiN2RkMDBkYzk3NDRkNGU5NmE0NzkyNjg1MmFlODQ0MTgiLCJ1c2VyX2lkIjoyfQ.I3o_kRUf4jca9r3Cbdzr3uQdUQWAw2JIlxJ3Ig7lZvM','2022-08-17 06:04:04.479696','2022-11-15 06:04:04.000000',2,'7dd00dc9744d4e96a47926852ae84418'),(7,'eyJ0eXAiOiJKV1QiLCJhbGciOiJIUzI1NiJ9.eyJ0b2tlbl90eXBlIjoicmVmcmVzaCIsImV4cCI6MTY2ODQ5MjQ2NiwianRpIjoiNWIzMmRlMTJlODQ0NDg5ZWE5YzhjYWY1NjYyM2QxZWMiLCJ1c2VyX2lkIjoyfQ.lKhQtLFMwrcl-y_QEiNIpWxMbWCBl521HQnHTioKbvc','2022-08-17 06:07:46.305226','2022-11-15 06:07:46.000000',2,'5b32de12e844489ea9c8caf56623d1ec'),(8,'eyJ0eXAiOiJKV1QiLCJhbGciOiJIUzI1NiJ9.eyJ0b2tlbl90eXBlIjoicmVmcmVzaCIsImV4cCI6MTY2ODQ5MjgyNCwianRpIjoiZWMzY2FiZGUyMTcxNDY3Yzg2ZjJlMTk2NWIyNjNmZmUiLCJ1c2VyX2lkIjoyfQ.4ylwvy5jndHOz34drrqOsnfliaq69ZEUsmYQbpm6Qr8','2022-08-17 06:13:44.442028','2022-11-15 06:13:44.000000',2,'ec3cabde2171467c86f2e1965b263ffe'),(9,'eyJ0eXAiOiJKV1QiLCJhbGciOiJIUzI1NiJ9.eyJ0b2tlbl90eXBlIjoicmVmcmVzaCIsImV4cCI6MTY2ODQ5MzIwNywianRpIjoiODk1NTg3MTM2ZTg2NDlkNTgxNDExOWU3NjZjNTE2NTUiLCJ1c2VyX2lkIjo1M30.930Wg1DYiaVDpZ5r7mTIQz9Ef11GnZY2YfDaX6RJw2k','2022-08-17 06:20:07.024903','2022-11-15 06:20:07.000000',53,'895587136e8649d5814119e766c51655'),(10,'eyJ0eXAiOiJKV1QiLCJhbGciOiJIUzI1NiJ9.eyJ0b2tlbl90eXBlIjoicmVmcmVzaCIsImV4cCI6MTY2ODQ5MzIxMCwianRpIjoiN2NiYzMxNDQ0MTkzNGUzMTk0ZGM0NjFlZjAxNzc5ZDciLCJ1c2VyX2lkIjo1M30.gS77IBJnwXNpUG6ta4uq3sQm5QPu3LWNR39vBvHr3SM','2022-08-17 06:20:10.401056','2022-11-15 06:20:10.000000',53,'7cbc314441934e3194dc461ef01779d7'),(11,'eyJ0eXAiOiJKV1QiLCJhbGciOiJIUzI1NiJ9.eyJ0b2tlbl90eXBlIjoicmVmcmVzaCIsImV4cCI6MTY2ODQ5MzMxNiwianRpIjoiZmMwZTAzOTgxODQ3NDI5Y2FjMWU5OTQ2MzUzYzY5YzciLCJ1c2VyX2lkIjoyfQ.1ijoZ3RbXI6v2g6oyiUV5hgvb9mmqb-1AT_Geq4NhaA','2022-08-17 06:21:56.583021','2022-11-15 06:21:56.000000',2,'fc0e03981847429cac1e9946353c69c7'),(12,'eyJ0eXAiOiJKV1QiLCJhbGciOiJIUzI1NiJ9.eyJ0b2tlbl90eXBlIjoicmVmcmVzaCIsImV4cCI6MTY2ODQ5MzQyMSwianRpIjoiZjdhNGVkOGE4M2JkNDc5ZDhjMjRhNjUzYTc1MWNmMzEiLCJ1c2VyX2lkIjoyfQ.I8g1H1xoIoM8RXgBFWyr6-2XP99aodNm3idCjjYbjMk','2022-08-17 06:23:41.332494','2022-11-15 06:23:41.000000',2,'f7a4ed8a83bd479d8c24a653a751cf31'),(13,'eyJ0eXAiOiJKV1QiLCJhbGciOiJIUzI1NiJ9.eyJ0b2tlbl90eXBlIjoicmVmcmVzaCIsImV4cCI6MTY2ODUwNTExMSwianRpIjoiNjNhNDU0NTEyYzNjNDRlMjlkNGM0NTk3MDlmN2E2MzMiLCJ1c2VyX2lkIjoyfQ.VG_dQes465cdtR0W-qGjJuV0gMdLiwedqMdqbtf_-oI','2022-08-17 09:38:31.214501','2022-11-15 09:38:31.000000',2,'63a454512c3c44e29d4c459709f7a633'),(14,'eyJ0eXAiOiJKV1QiLCJhbGciOiJIUzI1NiJ9.eyJ0b2tlbl90eXBlIjoicmVmcmVzaCIsImV4cCI6MTY2ODUwODk3MSwianRpIjoiMTUwNTEyYWJlMTQ3NDE0ZWE0OGUzMTc0MzNkZDJiYmIiLCJ1c2VyX2lkIjo1M30.mGGVLy5HbfvK81d1owSp7yr05Q5UUCAQOkFP1zdJEoU','2022-08-17 10:42:51.100094','2022-11-15 10:42:51.000000',53,'150512abe147414ea48e317433dd2bbb'),(15,'eyJ0eXAiOiJKV1QiLCJhbGciOiJIUzI1NiJ9.eyJ0b2tlbl90eXBlIjoicmVmcmVzaCIsImV4cCI6MTY2ODUxMjA5MywianRpIjoiOWIwOTdlYTUzZmZkNDRlNmJkMjA1OGNhZDdiM2I2YTQiLCJ1c2VyX2lkIjoyfQ.1lDVXDgQ3GYp3roWUdK9718Ayi78DMjzpx83G_0M-jU','2022-08-17 11:34:53.692222','2022-11-15 11:34:53.000000',2,'9b097ea53ffd44e6bd2058cad7b3b6a4'),(16,'eyJ0eXAiOiJKV1QiLCJhbGciOiJIUzI1NiJ9.eyJ0b2tlbl90eXBlIjoicmVmcmVzaCIsImV4cCI6MTY2ODUxNDU5NCwianRpIjoiZTgwYTU0Y2FiM2VkNGFjOWFlYWNkNTcxN2Q1NDMyMzYiLCJ1c2VyX2lkIjo1M30.0r4NgtrWgdFz89Jfs64rJo4S2-yAicf7-6XLmc_UEtU','2022-08-17 12:16:34.998347','2022-11-15 12:16:34.000000',53,'e80a54cab3ed4ac9aeacd5717d543236'),(17,'eyJ0eXAiOiJKV1QiLCJhbGciOiJIUzI1NiJ9.eyJ0b2tlbl90eXBlIjoicmVmcmVzaCIsImV4cCI6MTY2ODUxNDYxOSwianRpIjoiMjAzOTZhNmE3NDQ0NGVjYWIwYjY3MDc2OTgzYTExOTIiLCJ1c2VyX2lkIjoyfQ.BLtvd-1Q00jsuMr8e0H7Zq_N1SZc37_zAeLk5z4bsAs','2022-08-17 12:16:59.631163','2022-11-15 12:16:59.000000',2,'20396a6a74444ecab0b67076983a1192');
/*!40000 ALTER TABLE `token_blacklist_outstandingtoken` ENABLE KEYS */;
UNLOCK TABLES;

--
-- Table structure for table `user`
--

DROP TABLE IF EXISTS `user`;
/*!40101 SET @saved_cs_client     = @@character_set_client */;
/*!50503 SET character_set_client = utf8mb4 */;
CREATE TABLE `user` (
  `id` bigint(20) NOT NULL AUTO_INCREMENT,
  `password` varchar(128) NOT NULL,
  `last_login` datetime(6) DEFAULT NULL,
  `created_at` datetime(6) NOT NULL,
  `updated_at` datetime(6) NOT NULL,
  `first_name` varchar(255) DEFAULT NULL,
  `last_name` varchar(255) DEFAULT NULL,
  `username` varchar(255) DEFAULT NULL,
  `email` varchar(200) DEFAULT NULL,
  `phone` varchar(255) DEFAULT NULL,
  `role` varchar(50) DEFAULT NULL,
  `avatar_url` varchar(255) DEFAULT NULL,
  `address` varchar(255) DEFAULT NULL,
  `date_of_birth` datetime(6) DEFAULT NULL,
  `deleted_at` datetime(6) DEFAULT NULL,
  `last_accessed_at` datetime(6) DEFAULT NULL,
  `is_superuser` tinyint(1) NOT NULL,
  `is_staff` tinyint(1) NOT NULL,
  PRIMARY KEY (`id`) USING BTREE,
  UNIQUE KEY `username` (`username`) USING BTREE,
  UNIQUE KEY `email` (`email`) USING BTREE
) ENGINE=InnoDB AUTO_INCREMENT=65 DEFAULT CHARSET=utf8mb4 ROW_FORMAT=DYNAMIC;
/*!40101 SET character_set_client = @saved_cs_client */;

--
-- Dumping data for table `user`
--

LOCK TABLES `user` WRITE;
/*!40000 ALTER TABLE `user` DISABLE KEYS */;
INSERT INTO `user` VALUES (1,'pbkdf2_sha256$260000$BPH34X71ahEDGmqpu9Dzbv$S8KGIaa7pCUVYbtIy9xlQplLUDkWLAUVUCQebE8LQAk=','2022-08-17 11:21:05.666186','2022-07-18 21:05:05.000000','2022-07-18 21:05:05.000000','Giap','Hien','admin','admin@yopmail.com','09847362831','ADMIN',NULL,NULL,NULL,NULL,NULL,1,1),(2,'pbkdf2_sha256$260000$r3ucy1jtC4RsqFPyQT3Cab$0gxR38LF3pJdz/ItJJ1HiyN/C7jQkf4Rd7IlfU1QU2k=',NULL,'2022-07-18 21:05:05.000000','2022-08-17 12:16:59.627220','Huy ','Hoang','student1','student1@yopmail.com','0948372384','STUDENT',NULL,'Cau Giay, Ha Noi, Viet Nam','2000-05-03 00:00:00.000000',NULL,'2022-08-17 12:16:59.627020',0,0),(3,'pbkdf2_sha256$260000$BPH34X71ahEDGmqpu9Dzbv$S8KGIaa7pCUVYbtIy9xlQplLUDkWLAUVUCQebE8LQAk=',NULL,'2022-07-18 21:05:05.000000','2022-07-18 21:05:05.000000','Bui','Nam','student2','student2@yopmail.com','0948340423','STUDENT',NULL,'Ha Dong, Ha Noi, Viet Nam','2000-04-03 00:00:00.000000',NULL,NULL,0,0),(4,'pbkdf2_sha256$260000$BPH34X71ahEDGmqpu9Dzbv$S8KGIaa7pCUVYbtIy9xlQplLUDkWLAUVUCQebE8LQAk=',NULL,'2022-07-18 21:05:05.000000','2022-07-18 21:05:05.000000','Tien ','Duong','parent1','parent1@yopmail.com','0947382132','PARENT',NULL,NULL,NULL,NULL,NULL,0,0),(5,'pbkdf2_sha256$260000$BPH34X71ahEDGmqpu9Dzbv$S8KGIaa7pCUVYbtIy9xlQplLUDkWLAUVUCQebE8LQAk=',NULL,'2022-07-18 21:05:05.000000','2022-07-18 21:05:05.000000','Minh','Anh','student3','student3@yopmail.com','09987654382','STUDENT',NULL,'Cau Dien, Ha Noi, Viet Nam','2011-08-09 00:00:00.000000',NULL,NULL,0,0),(6,'pbkdf2_sha256$260000$BPH34X71ahEDGmqpu9Dzbv$S8KGIaa7pCUVYbtIy9xlQplLUDkWLAUVUCQebE8LQAk=',NULL,'2022-07-18 21:05:05.000000','2022-07-18 21:05:05.000000','Duc','Manh','student4','student4@yopmail.com','09987654332','STUDENT',NULL,'Hai Ba Trung, Ha Noi, Viet Nam','2011-03-19 00:00:00.000000',NULL,NULL,0,0),(7,'pbkdf2_sha256$260000$BPH34X71ahEDGmqpu9Dzbv$S8KGIaa7pCUVYbtIy9xlQplLUDkWLAUVUCQebE8LQAk=',NULL,'2022-07-18 21:05:05.000000','2022-07-18 21:05:05.000000','Quoc','Cuong','student5','student5@yopmail.com','09987654343','STUDENT',NULL,'Hai Ba Trung, Ha Noi, Viet Nam','2011-10-09 00:00:00.000000',NULL,NULL,0,0),(8,'pbkdf2_sha256$260000$BPH34X71ahEDGmqpu9Dzbv$S8KGIaa7pCUVYbtIy9xlQplLUDkWLAUVUCQebE8LQAk=',NULL,'2022-07-18 21:05:05.000000','2022-07-18 21:05:05.000000','Huy','Hung','student6','student6@yopmail.com','09987654352','STUDENT',NULL,'Cau Giay, Ha Noi, Viet Nam','2011-01-09 00:00:00.000000',NULL,NULL,0,0),(9,'pbkdf2_sha256$260000$BPH34X71ahEDGmqpu9Dzbv$S8KGIaa7pCUVYbtIy9xlQplLUDkWLAUVUCQebE8LQAk=',NULL,'2022-07-18 21:05:05.000000','2022-07-18 21:05:05.000000','Ha','Phuong','student7','student7@yopmail.com','09987654322','STUDENT',NULL,'Cau Giay, Ha Noi, Viet Nam','2011-08-09 00:00:00.000000',NULL,NULL,0,0),(10,'pbkdf2_sha256$260000$BPH34X71ahEDGmqpu9Dzbv$S8KGIaa7pCUVYbtIy9xlQplLUDkWLAUVUCQebE8LQAk=',NULL,'2022-07-18 21:05:05.000000','2022-07-18 21:05:05.000000','Nguyen','Hanh','student8','student8@yopmail.com','09987654222','STUDENT',NULL,'Cau Giay, Ha Noi, Viet Nam','2011-08-19 00:00:00.000000',NULL,NULL,0,0),(11,'pbkdf2_sha256$260000$BPH34X71ahEDGmqpu9Dzbv$S8KGIaa7pCUVYbtIy9xlQplLUDkWLAUVUCQebE8LQAk=',NULL,'2022-07-18 21:05:05.000000','2022-07-18 21:05:05.000000','Duc','An','student9','student9@yopmail.com','09987643382','STUDENT',NULL,'Ba Dinh, Ha Noi, Viet Nam','2011-03-02 00:00:00.000000',NULL,NULL,0,0),(12,'pbkdf2_sha256$260000$BPH34X71ahEDGmqpu9Dzbv$S8KGIaa7pCUVYbtIy9xlQplLUDkWLAUVUCQebE8LQAk=',NULL,'2022-07-18 21:05:05.000000','2022-07-18 21:05:05.000000','Duc','Dung','student10','student10@yopmail.com','09983154382','STUDENT',NULL,'Ba Dinh, Ha Noi, Viet Nam','2011-11-12 00:00:00.000000',NULL,NULL,0,0),(13,'pbkdf2_sha256$260000$BPH34X71ahEDGmqpu9Dzbv$S8KGIaa7pCUVYbtIy9xlQplLUDkWLAUVUCQebE8LQAk=',NULL,'2022-07-18 21:05:05.000000','2022-07-18 21:05:05.000000','Ha','An','student11','student11@yopmail.com','09943654382','STUDENT',NULL,'Cau Giay, Ha Noi, Viet Nam','2011-01-29 00:00:00.000000',NULL,NULL,0,0),(14,'pbkdf2_sha256$260000$BPH34X71ahEDGmqpu9Dzbv$S8KGIaa7pCUVYbtIy9xlQplLUDkWLAUVUCQebE8LQAk=',NULL,'2022-07-18 21:05:05.000000','2022-07-18 21:05:05.000000','Thanh','Binh','student12','student12@yopmail.com','09944654382','STUDENT',NULL,'Ha Dong, Ha Noi, Viet Nam','2011-02-12 00:00:00.000000',NULL,NULL,0,0),(15,'pbkdf2_sha256$260000$BPH34X71ahEDGmqpu9Dzbv$S8KGIaa7pCUVYbtIy9xlQplLUDkWLAUVUCQebE8LQAk=',NULL,'2022-07-18 21:05:05.000000','2022-07-18 21:05:05.000000','Tai','Nguyen','student13','student13@yopmail.com','09945654382','STUDENT',NULL,'Cau Giay, Ha Noi, Viet Nam','2011-12-13 00:00:00.000000',NULL,NULL,0,0),(16,'pbkdf2_sha256$260000$BPH34X71ahEDGmqpu9Dzbv$S8KGIaa7pCUVYbtIy9xlQplLUDkWLAUVUCQebE8LQAk=',NULL,'2022-07-18 21:05:05.000000','2022-07-18 21:05:05.000000','Lan','Anh','student14','student14@yopmail.com','09347654382','STUDENT',NULL,'Ba Dinh, Ha Noi, Viet Nam','2011-03-21 00:00:00.000000',NULL,NULL,0,0),(17,'pbkdf2_sha256$260000$BPH34X71ahEDGmqpu9Dzbv$S8KGIaa7pCUVYbtIy9xlQplLUDkWLAUVUCQebE8LQAk=',NULL,'2022-07-18 21:05:05.000000','2022-07-18 21:05:05.000000','Kha','Banh','student15','student15@yopmail.com','09487654382','STUDENT',NULL,'Cau Giay, Ha Noi, Viet Nam','2011-01-23 00:00:00.000000',NULL,NULL,0,0),(18,'pbkdf2_sha256$260000$BPH34X71ahEDGmqpu9Dzbv$S8KGIaa7pCUVYbtIy9xlQplLUDkWLAUVUCQebE8LQAk=',NULL,'2022-07-18 21:05:05.000000','2022-07-18 21:05:05.000000','Duc','Nguyen','student16','student16@yopmail.com','09587654382','STUDENT',NULL,'Ha Dong, Ha Noi, Viet Nam','2011-04-29 00:00:00.000000',NULL,NULL,0,0),(19,'pbkdf2_sha256$260000$BPH34X71ahEDGmqpu9Dzbv$S8KGIaa7pCUVYbtIy9xlQplLUDkWLAUVUCQebE8LQAk=',NULL,'2022-07-18 21:05:05.000000','2022-07-18 21:05:05.000000','My','Huong','student17','student17@yopmail.com','09687654382','STUDENT',NULL,'Ba Dinh, Ha Noi, Viet Nam','2011-05-13 00:00:00.000000',NULL,NULL,0,0),(20,'pbkdf2_sha256$260000$BPH34X71ahEDGmqpu9Dzbv$S8KGIaa7pCUVYbtIy9xlQplLUDkWLAUVUCQebE8LQAk=',NULL,'2022-07-18 21:05:05.000000','2022-07-18 21:05:05.000000','Nguyen','Khang','student18','student18@yopmail.com','09787654382','STUDENT',NULL,'Cau Giay, Ha Noi, Viet Nam','2011-04-02 00:00:00.000000',NULL,NULL,0,0),(21,'pbkdf2_sha256$260000$BPH34X71ahEDGmqpu9Dzbv$S8KGIaa7pCUVYbtIy9xlQplLUDkWLAUVUCQebE8LQAk=',NULL,'2022-07-18 21:05:05.000000','2022-07-18 21:05:05.000000','Binh','Minh','student19','student19@yopmail.com','09887654382','STUDENT',NULL,'Ba Dinh, Ha Noi, Viet Nam','2011-03-22 00:00:00.000000',NULL,NULL,0,0),(22,'pbkdf2_sha256$260000$BPH34X71ahEDGmqpu9Dzbv$S8KGIaa7pCUVYbtIy9xlQplLUDkWLAUVUCQebE8LQAk=',NULL,'2022-07-18 21:05:05.000000','2022-07-18 21:05:05.000000','Nguyen','Hong','student20','student20@yopmail.com','01987654382','STUDENT',NULL,'Cau Giay, Ha Noi, Viet Nam','2011-02-11 00:00:00.000000',NULL,NULL,0,0),(23,'pbkdf2_sha256$260000$BPH34X71ahEDGmqpu9Dzbv$S8KGIaa7pCUVYbtIy9xlQplLUDkWLAUVUCQebE8LQAk=',NULL,'2022-07-18 21:05:05.000000','2022-07-18 21:05:05.000000','Van','Binh','student21','student21@yopmail.com','02987654382','STUDENT',NULL,'Cau Dien Ha Noi, Viet Nam','2011-07-09 00:00:00.000000',NULL,NULL,0,0),(24,'pbkdf2_sha256$260000$BPH34X71ahEDGmqpu9Dzbv$S8KGIaa7pCUVYbtIy9xlQplLUDkWLAUVUCQebE8LQAk=',NULL,'2022-07-18 21:05:05.000000','2022-07-18 21:05:05.000000','Hoai','An','student22','student22@yopmail.com','03987654382','STUDENT',NULL,'Thanh Tri, Ha Noi, Viet Nam','2011-07-12 00:00:00.000000',NULL,NULL,0,0),(25,'pbkdf2_sha256$260000$BPH34X71ahEDGmqpu9Dzbv$S8KGIaa7pCUVYbtIy9xlQplLUDkWLAUVUCQebE8LQAk=',NULL,'2022-07-18 21:05:05.000000','2022-07-18 21:05:05.000000','Bich','Ngoc','student23','student23@yopmail.com','04987654382','STUDENT',NULL,'Cau Giay, Ha Noi, Viet Nam','2011-06-01 00:00:00.000000',NULL,NULL,0,0),(26,'pbkdf2_sha256$260000$BPH34X71ahEDGmqpu9Dzbv$S8KGIaa7pCUVYbtIy9xlQplLUDkWLAUVUCQebE8LQAk=',NULL,'2022-07-18 21:05:05.000000','2022-07-18 21:05:05.000000','Bich','Tram','student24','student24@yopmail.com','05987654382','STUDENT',NULL,'Thanh Xuan, Ha Noi, Viet Nam','2011-08-27 00:00:00.000000',NULL,NULL,0,0),(27,'pbkdf2_sha256$260000$BPH34X71ahEDGmqpu9Dzbv$S8KGIaa7pCUVYbtIy9xlQplLUDkWLAUVUCQebE8LQAk=',NULL,'2022-07-18 21:05:05.000000','2022-07-18 21:05:05.000000','Nam','Anh','student25','student25@yopmail.com','06987654382','STUDENT',NULL,'Cau Giay, Ha Noi, Viet Nam','2011-12-29 00:00:00.000000',NULL,NULL,0,0),(28,'pbkdf2_sha256$260000$BPH34X71ahEDGmqpu9Dzbv$S8KGIaa7pCUVYbtIy9xlQplLUDkWLAUVUCQebE8LQAk=',NULL,'2022-07-18 21:05:05.000000','2022-07-18 21:05:05.000000','Tuyet','Mai','student26','student26@yopmail.com','07987654382','STUDENT',NULL,'Thanh Xuan, Ha Noi, Viet Nam','2011-11-10 00:00:00.000000',NULL,NULL,0,0),(29,'pbkdf2_sha256$260000$BPH34X71ahEDGmqpu9Dzbv$S8KGIaa7pCUVYbtIy9xlQplLUDkWLAUVUCQebE8LQAk=',NULL,'2022-07-18 21:05:05.000000','2022-07-18 21:05:05.000000','Le','Na','student27','student27@yopmail.com','08987654382','STUDENT',NULL,'Cau Giay, Ha Noi, Viet Nam','2011-02-09 00:00:00.000000',NULL,NULL,0,0),(30,'pbkdf2_sha256$260000$BPH34X71ahEDGmqpu9Dzbv$S8KGIaa7pCUVYbtIy9xlQplLUDkWLAUVUCQebE8LQAk=',NULL,'2022-07-18 21:05:05.000000','2022-07-18 21:05:05.000000','Quang','Sang','student28','student28@yopmail.com','09987654382','STUDENT',NULL,'Ha Dong, Ha Noi, Viet Nam','2011-09-04 00:00:00.000000',NULL,NULL,0,0),(31,'pbkdf2_sha256$260000$BPH34X71ahEDGmqpu9Dzbv$S8KGIaa7pCUVYbtIy9xlQplLUDkWLAUVUCQebE8LQAk=',NULL,'2022-07-18 21:05:05.000000','2022-07-18 21:05:05.000000','Hong','Tuyet','student29','student29@yopmail.com','01987654382','STUDENT',NULL,'Cau Giay, Ha Noi, Viet Nam','2011-10-04 00:00:00.000000',NULL,NULL,0,0),(32,'pbkdf2_sha256$260000$BPH34X71ahEDGmqpu9Dzbv$S8KGIaa7pCUVYbtIy9xlQplLUDkWLAUVUCQebE8LQAk=',NULL,'2022-07-18 21:05:05.000000','2022-07-18 21:05:05.000000','Quynh','Trang','student30','student30@yopmail.com','02987654382','STUDENT',NULL,'Hoang Mai, Ha Noi, Viet Nam','2011-10-19 00:00:00.000000',NULL,NULL,0,0),(33,'pbkdf2_sha256$260000$BPH34X71ahEDGmqpu9Dzbv$S8KGIaa7pCUVYbtIy9xlQplLUDkWLAUVUCQebE8LQAk=',NULL,'2022-07-18 21:05:05.000000','2022-07-18 21:05:05.000000','Nha','Uyen','student31','student31@yopmail.com','03987654382','STUDENT',NULL,'Cau Giay, Ha Noi, Viet Nam','2011-11-07 00:00:00.000000',NULL,NULL,0,0),(34,'pbkdf2_sha256$260000$BPH34X71ahEDGmqpu9Dzbv$S8KGIaa7pCUVYbtIy9xlQplLUDkWLAUVUCQebE8LQAk=',NULL,'2022-07-18 21:05:05.000000','2022-07-18 21:05:05.000000','Nhat','Tan','student32','student32@yopmail.com','04987654382','STUDENT',NULL,'Ba Dinh, Ha Noi, Viet Nam','2011-08-26 00:00:00.000000',NULL,NULL,0,0),(35,'pbkdf2_sha256$260000$BPH34X71ahEDGmqpu9Dzbv$S8KGIaa7pCUVYbtIy9xlQplLUDkWLAUVUCQebE8LQAk=',NULL,'2022-07-18 21:05:05.000000','2022-07-18 21:05:05.000000','Binh','Nguyen','student33','student33@yopmail.com','05987654382','STUDENT',NULL,'Cau Giay, Ha Noi, Viet Nam','2011-02-22 00:00:00.000000',NULL,NULL,0,0),(36,'pbkdf2_sha256$260000$BPH34X71ahEDGmqpu9Dzbv$S8KGIaa7pCUVYbtIy9xlQplLUDkWLAUVUCQebE8LQAk=',NULL,'2022-07-18 21:05:05.000000','2022-07-18 21:05:05.000000','Dieu','Thuy','student34','student34@yopmail.com','06987654382','STUDENT',NULL,'Cau Giay, Ha Noi, Viet Nam','2010-08-09 00:00:00.000000',NULL,NULL,0,0),(37,'pbkdf2_sha256$260000$BPH34X71ahEDGmqpu9Dzbv$S8KGIaa7pCUVYbtIy9xlQplLUDkWLAUVUCQebE8LQAk=',NULL,'2022-07-18 21:05:05.000000','2022-07-18 21:05:05.000000','Quynh','Chi','student35','student35@yopmail.com','07987654382','STUDENT',NULL,'Ba Dinh, Ha Noi, Viet Nam','2010-08-19 00:00:00.000000',NULL,NULL,0,0),(38,'pbkdf2_sha256$260000$BPH34X71ahEDGmqpu9Dzbv$S8KGIaa7pCUVYbtIy9xlQplLUDkWLAUVUCQebE8LQAk=',NULL,'2022-07-18 21:05:05.000000','2022-07-18 21:05:05.000000','Dinh','Vu','student36','student36@yopmail.com','08987654382','STUDENT',NULL,'Cau Giay, Ha Noi, Viet Nam','2010-08-12 00:00:00.000000',NULL,NULL,0,0),(39,'pbkdf2_sha256$260000$BPH34X71ahEDGmqpu9Dzbv$S8KGIaa7pCUVYbtIy9xlQplLUDkWLAUVUCQebE8LQAk=',NULL,'2022-07-18 21:05:05.000000','2022-07-18 21:05:05.000000','Minh','Chau','student37','student37@yopmail.com','09987654382','STUDENT',NULL,'Hoang Mai, Ha Noi, Viet Nam','2010-04-04 00:00:00.000000',NULL,NULL,0,0),(40,'pbkdf2_sha256$260000$BPH34X71ahEDGmqpu9Dzbv$S8KGIaa7pCUVYbtIy9xlQplLUDkWLAUVUCQebE8LQAk=',NULL,'2022-07-18 21:05:05.000000','2022-07-18 21:05:05.000000','Nhat','Lam','student38','student38@yopmail.com','09917654382','STUDENT',NULL,'Cau Giay, Ha Noi, Viet Nam','2010-01-01 00:00:00.000000',NULL,NULL,0,0),(41,'pbkdf2_sha256$260000$BPH34X71ahEDGmqpu9Dzbv$S8KGIaa7pCUVYbtIy9xlQplLUDkWLAUVUCQebE8LQAk=',NULL,'2022-07-18 21:05:05.000000','2022-07-18 21:05:05.000000','Ngoc','Anh','student39','student39@yopmail.com','09927654382','STUDENT',NULL,'Cau Giay, Ha Noi, Viet Nam','2010-09-30 00:00:00.000000',NULL,NULL,0,0),(42,'pbkdf2_sha256$260000$BPH34X71ahEDGmqpu9Dzbv$S8KGIaa7pCUVYbtIy9xlQplLUDkWLAUVUCQebE8LQAk=',NULL,'2022-07-18 21:05:05.000000','2022-07-18 21:05:05.000000','Ngoc','Trinh','student40','student40@yopmail.com','09937654382','STUDENT',NULL,'Ba Dinh, Ha Noi, Viet Nam','2010-03-12 00:00:00.000000',NULL,NULL,0,0),(43,'pbkdf2_sha256$260000$BPH34X71ahEDGmqpu9Dzbv$S8KGIaa7pCUVYbtIy9xlQplLUDkWLAUVUCQebE8LQAk=',NULL,'2022-07-18 21:05:05.000000','2022-07-18 21:05:05.000000','Minh','Khang','student41','student41@yopmail.com','09947654382','STUDENT',NULL,'Ba Dinh, Ha Noi, Viet Nam','2010-12-09 00:00:00.000000',NULL,NULL,0,0),(44,'pbkdf2_sha256$260000$BPH34X71ahEDGmqpu9Dzbv$S8KGIaa7pCUVYbtIy9xlQplLUDkWLAUVUCQebE8LQAk=',NULL,'2022-07-18 21:05:05.000000','2022-07-18 21:05:05.000000','Quang','Tung','student42','student42@yopmail.com','09957654382','STUDENT',NULL,'Ba Dinh, Ha Noi, Viet Nam','2010-11-23 00:00:00.000000',NULL,NULL,0,0),(45,'pbkdf2_sha256$260000$BPH34X71ahEDGmqpu9Dzbv$S8KGIaa7pCUVYbtIy9xlQplLUDkWLAUVUCQebE8LQAk=',NULL,'2022-07-18 21:05:05.000000','2022-07-18 21:05:05.000000','Quoc','Thai','student43','student43@yopmail.com','09967654382','STUDENT',NULL,'Cau Giay, Ha Noi, Viet Nam','2010-01-23 00:00:00.000000',NULL,NULL,0,0),(46,'pbkdf2_sha256$260000$BPH34X71ahEDGmqpu9Dzbv$S8KGIaa7pCUVYbtIy9xlQplLUDkWLAUVUCQebE8LQAk=',NULL,'2022-07-18 21:05:05.000000','2022-07-18 21:05:05.000000','Mai','Nhung','student44','student44@yopmail.com','09977654382','STUDENT',NULL,'Cau Giay, Ha Noi, Viet Nam','2010-04-02 00:00:00.000000',NULL,NULL,0,0),(47,'pbkdf2_sha256$260000$BPH34X71ahEDGmqpu9Dzbv$S8KGIaa7pCUVYbtIy9xlQplLUDkWLAUVUCQebE8LQAk=',NULL,'2022-07-18 21:05:05.000000','2022-07-18 21:05:05.000000','Ho','Hien','student45','student45@yopmail.com','09987654382','STUDENT',NULL,'Ba Dinh, Ha Noi, Viet Nam','2010-07-09 00:00:00.000000',NULL,NULL,0,0),(48,'pbkdf2_sha256$260000$BPH34X71ahEDGmqpu9Dzbv$S8KGIaa7pCUVYbtIy9xlQplLUDkWLAUVUCQebE8LQAk=',NULL,'2022-07-18 21:05:05.000000','2022-07-18 21:05:05.000000','Anh','Tuan','student46','student46@yopmail.com','09997654382','STUDENT',NULL,'Cau Giay, Ha Noi, Viet Nam','2010-10-19 00:00:00.000000',NULL,NULL,0,0),(49,'pbkdf2_sha256$260000$BPH34X71ahEDGmqpu9Dzbv$S8KGIaa7pCUVYbtIy9xlQplLUDkWLAUVUCQebE8LQAk=',NULL,'2022-07-18 21:05:05.000000','2022-07-18 21:05:05.000000','Anh','Thu','student47','student47@yopmail.com','09900654382','STUDENT',NULL,'Hoang Mai, Ha Noi, Viet Nam','2010-10-23 00:00:00.000000',NULL,NULL,0,0),(50,'pbkdf2_sha256$260000$BPH34X71ahEDGmqpu9Dzbv$S8KGIaa7pCUVYbtIy9xlQplLUDkWLAUVUCQebE8LQAk=',NULL,'2022-07-18 21:05:05.000000','2022-07-18 21:05:05.000000','Quang','Dang','student48','student48@yopmail.com','09901654382','STUDENT',NULL,'Ha Dong, Ha Noi, Viet Nam','2010-02-28 00:00:00.000000',NULL,NULL,0,0),(51,'pbkdf2_sha256$260000$BPH34X71ahEDGmqpu9Dzbv$S8KGIaa7pCUVYbtIy9xlQplLUDkWLAUVUCQebE8LQAk=',NULL,'2022-07-18 21:05:05.000000','2022-07-18 21:05:05.000000','Tung','Duong','student49','student49@yopmail.com','09902654382','STUDENT',NULL,'Cau Giay, Ha Noi, Viet Nam','2010-06-01 00:00:00.000000',NULL,NULL,0,0),(52,'pbkdf2_sha256$260000$BPH34X71ahEDGmqpu9Dzbv$S8KGIaa7pCUVYbtIy9xlQplLUDkWLAUVUCQebE8LQAk=',NULL,'2022-07-18 21:05:05.000000','2022-07-18 21:05:05.000000','Nha','Quyen','student50','student50@yopmail.com','09904654382','STUDENT',NULL,'Cau Giay, Ha Noi, Viet Nam','2010-06-03 00:00:00.000000',NULL,NULL,0,0),(53,'pbkdf2_sha256$260000$BPH34X71ahEDGmqpu9Dzbv$S8KGIaa7pCUVYbtIy9xlQplLUDkWLAUVUCQebE8LQAk=',NULL,'2022-07-18 21:05:05.000000','2022-08-17 12:16:34.981924','Dinh','Trong','teacher1','teacher1@yopmail.com','09483728374','TEACHER',NULL,'Hai Ba Trung, Ha Noi, Viet Nam','1990-03-03 00:00:00.000000',NULL,'2022-08-17 12:16:34.981717',0,0),(54,'pbkdf2_sha256$260000$BPH34X71ahEDGmqpu9Dzbv$S8KGIaa7pCUVYbtIy9xlQplLUDkWLAUVUCQebE8LQAk=',NULL,'2022-07-18 21:05:05.000000','2022-07-18 21:05:05.000000','Nguyen','Duyen','teacher2','teacher2@yopmail.com','0938292832','TEACHER',NULL,'Ba Trieu, Ha Noi, Viet Nam','1989-10-03 00:00:00.000000',NULL,NULL,0,0),(55,'pbkdf2_sha256$260000$BPH34X71ahEDGmqpu9Dzbv$S8KGIaa7pCUVYbtIy9xlQplLUDkWLAUVUCQebE8LQAk=',NULL,'2022-07-18 21:05:05.000000','2022-07-18 21:05:05.000000','Quang','Tung','teacher3','teacher3@yopmail.com','0948575869','TEACHER',NULL,'Ha Dong, Ha Noi, Viet Nam','1978-02-13 00:00:00.000000',NULL,NULL,0,0),(56,'pbkdf2_sha256$260000$BPH34X71ahEDGmqpu9Dzbv$S8KGIaa7pCUVYbtIy9xlQplLUDkWLAUVUCQebE8LQAk=',NULL,'2022-07-18 21:05:05.000000','2022-07-18 21:05:05.000000','Pham','Dung','teacher4','teacher4@yopmail.com','0948576849','TEACHER',NULL,'Pho Hue, Ha Noi, Viet Nam','1993-12-03 00:00:00.000000',NULL,NULL,0,0),(57,'pbkdf2_sha256$260000$BPH34X71ahEDGmqpu9Dzbv$S8KGIaa7pCUVYbtIy9xlQplLUDkWLAUVUCQebE8LQAk=',NULL,'2022-07-18 21:05:05.000000','2022-07-18 21:05:05.000000','Nguyen','Hanh','teacher5','teacher5@yopmail.com','0948392031','TEACHER',NULL,'Cau Giay, Ha Noi, Viet Nam','1956-03-04 00:00:00.000000',NULL,NULL,0,0),(58,'pbkdf2_sha256$260000$BPH34X71ahEDGmqpu9Dzbv$S8KGIaa7pCUVYbtIy9xlQplLUDkWLAUVUCQebE8LQAk=',NULL,'2022-07-18 21:05:05.000000','2022-07-18 21:05:05.000000','Quynh','Trang','teacher6','teacher6@yopmail.com','0948839821','TEACHER',NULL,'Bach Mai, Ha Noi, Viet Nam','1992-08-06 00:00:00.000000',NULL,NULL,0,0),(59,'pbkdf2_sha256$260000$BPH34X71ahEDGmqpu9Dzbv$S8KGIaa7pCUVYbtIy9xlQplLUDkWLAUVUCQebE8LQAk=',NULL,'2022-07-18 21:05:05.000000','2022-07-18 21:05:05.000000','Tung','Duong','teacher7','teacher7@yopmail.com','0984906954','TEACHER',NULL,'Pho Vong, Ha Noi, Viet Nam','1990-03-04 00:00:00.000000',NULL,NULL,0,0),(60,'pbkdf2_sha256$260000$BPH34X71ahEDGmqpu9Dzbv$S8KGIaa7pCUVYbtIy9xlQplLUDkWLAUVUCQebE8LQAk=',NULL,'2022-07-18 21:05:05.000000','2022-07-18 21:05:05.000000','Nhat ','Mai','teacher8','teacher8@yopmail.com','0349285932','TEACHER',NULL,'Dai Co Viet, Ha Noi, Viet Nam','1984-12-03 00:00:00.000000',NULL,NULL,0,0),(61,'pbkdf2_sha256$260000$BPH34X71ahEDGmqpu9Dzbv$S8KGIaa7pCUVYbtIy9xlQplLUDkWLAUVUCQebE8LQAk=',NULL,'2022-07-18 21:05:05.000000','2022-07-18 21:05:05.000000','Tien','Hien','teacher9','teacher9@yopmail.com','0887382911','TEACHER',NULL,'Ba Dinh, Ha Noi, Viet Nam','1973-03-12 00:00:00.000000',NULL,NULL,0,0),(62,'pbkdf2_sha256$260000$BPH34X71ahEDGmqpu9Dzbv$S8KGIaa7pCUVYbtIy9xlQplLUDkWLAUVUCQebE8LQAk=',NULL,'2022-07-18 21:05:05.000000','2022-07-18 21:05:05.000000','Huy','Hoang','teacher10','teacher10@yopmail.com','0942819493','TEACHER',NULL,'Duong Quang Ham, Ha Noi, Viet Nam','1988-12-03 00:00:00.000000',NULL,NULL,0,0),(63,'pbkdf2_sha256$260000$BPH34X71ahEDGmqpu9Dzbv$S8KGIaa7pCUVYbtIy9xlQplLUDkWLAUVUCQebE8LQAk=',NULL,'2022-07-18 21:05:05.000000','2022-07-18 21:05:05.000000','Quang','Trung','teacher11','teacher11@yopmail.com','0239485943','TEACHER',NULL,'Nguyen Trai, Ha Noi, Viet Nam','1984-11-30 00:00:00.000000',NULL,NULL,0,0),(64,'pbkdf2_sha256$260000$BPH34X71ahEDGmqpu9Dzbv$S8KGIaa7pCUVYbtIy9xlQplLUDkWLAUVUCQebE8LQAk=',NULL,'2022-07-18 21:05:05.000000','2022-07-18 21:05:05.000000','Minh','Mai','teacher12','teacher12@yopmail.com','0948394839','TEACHER',NULL,'Hong Bang, Ha Noi, Viet Nam','1982-05-05 00:00:00.000000',NULL,NULL,0,0);
/*!40000 ALTER TABLE `user` ENABLE KEYS */;
UNLOCK TABLES;

--
-- Table structure for table `user_groups`
--

DROP TABLE IF EXISTS `user_groups`;
/*!40101 SET @saved_cs_client     = @@character_set_client */;
/*!50503 SET character_set_client = utf8mb4 */;
CREATE TABLE `user_groups` (
  `id` bigint(20) NOT NULL AUTO_INCREMENT,
  `user_id` bigint(20) NOT NULL,
  `group_id` int(11) NOT NULL,
  PRIMARY KEY (`id`) USING BTREE,
  UNIQUE KEY `user_groups_user_id_group_id_40beef00_uniq` (`user_id`,`group_id`) USING BTREE,
  KEY `user_groups_group_id_b76f8aba_fk_auth_group_id` (`group_id`) USING BTREE,
  CONSTRAINT `user_groups_group_id_b76f8aba_fk_auth_group_id` FOREIGN KEY (`group_id`) REFERENCES `auth_group` (`id`),
  CONSTRAINT `user_groups_user_id_abaea130_fk_user_id` FOREIGN KEY (`user_id`) REFERENCES `user` (`id`)
) ENGINE=InnoDB DEFAULT CHARSET=utf8mb4 ROW_FORMAT=DYNAMIC;
/*!40101 SET character_set_client = @saved_cs_client */;

--
-- Dumping data for table `user_groups`
--

LOCK TABLES `user_groups` WRITE;
/*!40000 ALTER TABLE `user_groups` DISABLE KEYS */;
/*!40000 ALTER TABLE `user_groups` ENABLE KEYS */;
UNLOCK TABLES;

--
-- Table structure for table `user_pin`
--

DROP TABLE IF EXISTS `user_pin`;
/*!40101 SET @saved_cs_client     = @@character_set_client */;
/*!50503 SET character_set_client = utf8mb4 */;
CREATE TABLE `user_pin` (
  `id` bigint(20) NOT NULL AUTO_INCREMENT,
  `created_at` datetime(6) NOT NULL,
  `updated_at` datetime(6) NOT NULL,
  `code` int(11) NOT NULL,
  `pin_expired` datetime(6) NOT NULL,
  `device_token` longtext,
  `user_id` bigint(20) DEFAULT NULL,
  PRIMARY KEY (`id`) USING BTREE,
  KEY `user_pin_user_id_e959605e_fk_user_id` (`user_id`) USING BTREE,
  CONSTRAINT `user_pin_user_id_e959605e_fk_user_id` FOREIGN KEY (`user_id`) REFERENCES `user` (`id`)
) ENGINE=InnoDB AUTO_INCREMENT=2 DEFAULT CHARSET=utf8mb4 ROW_FORMAT=DYNAMIC;
/*!40101 SET character_set_client = @saved_cs_client */;

--
-- Dumping data for table `user_pin`
--

LOCK TABLES `user_pin` WRITE;
/*!40000 ALTER TABLE `user_pin` DISABLE KEYS */;
INSERT INTO `user_pin` VALUES (1,'2022-08-17 06:05:41.788209','2022-08-17 06:05:41.788235',809628,'2022-08-17 06:10:41.786369','LUUkDwCJXWkUDzBFgqvRwQr1lSEU0hcD3G1V6HYhE_Lkzv7bEBBX6jGBoI9eDklKMrfi4on48NYBbiWvEV-ywdskjYEmvZ7iego2B1nLDPLNPiyKw5T2nDOs9yjFjYrr8XueQYnv87DSxW5TKx_o8R-IMbBhWJPdDWg7diGZuz998X5D0HQtto5Y1fd209eHKvcHM2xlxeIjjayCfPBXU92lkUfCK60N9i7stw9odDAm7HR7',NULL);
/*!40000 ALTER TABLE `user_pin` ENABLE KEYS */;
UNLOCK TABLES;

--
-- Table structure for table `user_user_permissions`
--

DROP TABLE IF EXISTS `user_user_permissions`;
/*!40101 SET @saved_cs_client     = @@character_set_client */;
/*!50503 SET character_set_client = utf8mb4 */;
CREATE TABLE `user_user_permissions` (
  `id` bigint(20) NOT NULL AUTO_INCREMENT,
  `user_id` bigint(20) NOT NULL,
  `permission_id` int(11) NOT NULL,
  PRIMARY KEY (`id`) USING BTREE,
  UNIQUE KEY `user_user_permissions_user_id_permission_id_7dc6e2e0_uniq` (`user_id`,`permission_id`) USING BTREE,
  KEY `user_user_permission_permission_id_9deb68a3_fk_auth_perm` (`permission_id`) USING BTREE,
  CONSTRAINT `user_user_permission_permission_id_9deb68a3_fk_auth_perm` FOREIGN KEY (`permission_id`) REFERENCES `auth_permission` (`id`),
  CONSTRAINT `user_user_permissions_user_id_ed4a47ea_fk_user_id` FOREIGN KEY (`user_id`) REFERENCES `user` (`id`)
) ENGINE=InnoDB DEFAULT CHARSET=utf8mb4 ROW_FORMAT=DYNAMIC;
/*!40101 SET character_set_client = @saved_cs_client */;

--
-- Dumping data for table `user_user_permissions`
--

LOCK TABLES `user_user_permissions` WRITE;
/*!40000 ALTER TABLE `user_user_permissions` DISABLE KEYS */;
/*!40000 ALTER TABLE `user_user_permissions` ENABLE KEYS */;
UNLOCK TABLES;

--
-- Dumping routines for database 'techwiz'
--
/*!40103 SET TIME_ZONE=@OLD_TIME_ZONE */;

/*!40101 SET SQL_MODE=@OLD_SQL_MODE */;
/*!40014 SET FOREIGN_KEY_CHECKS=@OLD_FOREIGN_KEY_CHECKS */;
/*!40014 SET UNIQUE_CHECKS=@OLD_UNIQUE_CHECKS */;
/*!40101 SET CHARACTER_SET_CLIENT=@OLD_CHARACTER_SET_CLIENT */;
/*!40101 SET CHARACTER_SET_RESULTS=@OLD_CHARACTER_SET_RESULTS */;
/*!40101 SET COLLATION_CONNECTION=@OLD_COLLATION_CONNECTION */;
/*!40111 SET SQL_NOTES=@OLD_SQL_NOTES */;

-- Dump completed on 2022-08-17 19:19:58
